"CMA","CT","pop96"
932,0000.00,136480.00
932,0100.00,2891.00
932,0101.00,1749.00
932,0102.00,4318.00
932,0103.00,1175.00
932,0104.00,4387.00
932,0105.00,3549.00
932,0106.00,5245.00
932,0200.00,3545.00
932,0201.00,6823.00
932,0202.00,6747.00
932,0203.00,3099.00
932,0204.00,2384.00
932,0205.00,3435.00
932,0206.00,2768.00
932,0207.00,1718.00
932,0001.00,2937.00
932,0002.00,1243.00
932,0003.00,6278.00
932,0004.00,6967.00
932,0005.00,9005.00
932,0006.00,4827.00
932,0007.00,7919.00
932,0008.00,9258.00
932,0009.00,12125.00
932,0010.00,64.00
932,0011.00,6169.00
932,0012.00,5989.00
932,0013.00,3155.00
932,0014.00,6711.00
568,0000.00,118695.00
568,0003.00,100.00
568,0004.00,7323.00
568,0005.00,7035.00
568,0006.00,3252.00
568,0007.00,3595.00
568,0008.00,1227.00
568,0009.00,6586.00
568,0010.00,4189.00
568,0011.00,10014.00
568,0012.00,5409.00
568,0013.00,6777.00
568,0014.00,5052.00
568,0015.00,6549.00
568,0016.00,2439.00
568,0200.00,4434.00
568,0100.00,3320.00
568,0101.00,4849.00
568,0102.00,5037.00
568,0103.00,8094.00
568,0104.00,3411.00
568,0201.00,4312.00
568,0001.00,8146.00
568,0002.00,1498.00
568,0202.00,6047.00
522,0000.00,93442.00
522,0001.00,1108.00
522,0002.00,3075.00
522,0003.00,2294.00
522,0004.00,4685.00
522,0005.00,1118.00
522,0006.00,5896.00
522,0007.00,5447.00
522,0008.00,3279.00
522,0009.00,1267.00
522,0010.00,56.00
522,0011.00,3804.00
522,0012.00,3157.00
522,0013.00,3307.00
522,0014.00,48.00
522,0100.00,3237.00
522,0101.00,2334.00
522,0200.00,2328.00
522,0201.00,2255.00
522,0202.00,2460.00
522,0300.00,4131.00
522,0301.00,2638.00
522,0302.00,4623.00
522,0303.00,3270.00
522,0304.00,3801.00
522,0400.00,2437.00
522,0401.00,5341.00
522,0402.00,166.00
522,0403.00,3130.00
522,0404.00,1919.00
522,0406.00,4403.00
522,0500.00,3523.00
522,0501.00,2818.00
543,0000.00,100238.00
543,0001.00,7268.00
543,0002.00,6800.00
543,0003.00,1929.00
543,0004.00,3346.00
543,0005.00,4111.00
543,0006.00,1143.00
543,0007.00,3217.00
543,0008.00,2942.00
543,0009.00,5306.00
543,0010.00,4663.00
543,0011.00,11063.00
543,0012.00,6259.00
543,0013.00,4842.00
543,0110.00,8987.00
543,0100.00,2868.00
543,0101.00,3069.00
543,0102.00,1157.00
543,0014.01,4404.00
543,0014.02,6887.00
543,0014.03,5382.00
543,0014.04,4595.00
825,0000.00,821628.00
825,0003.00,4107.00
825,0004.00,3571.00
825,0005.00,2286.00
825,0006.00,5969.00
825,0008.00,3567.00
825,0009.00,2573.00
825,0010.00,6072.00
825,0011.00,3542.00
825,0012.00,3749.00
825,0013.00,4336.00
825,0014.00,5538.00
825,0015.00,3596.00
825,0016.00,4747.00
825,0018.00,5328.00
825,0019.00,4898.00
825,0020.00,4027.00
825,0021.00,3516.00
825,0022.00,3704.00
825,0023.00,3721.00
825,0024.00,4848.00
825,0025.00,4785.00
825,0026.00,3160.00
825,0027.00,6590.00
825,0028.00,4236.00
825,0029.00,6254.00
825,0030.00,2900.00
825,0031.00,5907.00
825,0032.00,2145.00
825,0034.00,2563.00
825,0037.00,4193.00
825,0039.00,6450.00
825,0040.00,6057.00
825,0041.00,4443.00
825,0042.00,3430.00
825,0043.00,4439.00
825,0044.00,5866.00
825,0045.00,6375.00
825,0047.00,4820.00
825,0048.00,4711.00
825,0051.00,5362.00
825,0053.00,5304.00
825,0054.00,2840.00
825,0055.00,3228.00
825,0056.00,4258.00
825,0057.00,5106.00
825,0058.00,6121.00
825,0059.00,5911.00
825,0060.00,4065.00
825,0061.00,3628.00
825,0062.00,4367.00
825,0063.00,3488.00
825,0064.00,5178.00
825,0065.00,3033.00
825,0067.00,2091.00
825,0068.00,2794.00
825,0069.00,2277.00
825,0070.00,2491.00
825,0071.00,3038.00
825,0072.00,5327.00
825,0073.00,2208.00
825,0074.00,3342.00
825,0001.01,5800.00
825,0001.02,6775.00
825,0001.03,2524.00
825,0038.01,8420.00
825,0038.02,4184.00
825,0038.03,4317.00
825,0038.04,6810.00
825,0076.01,3118.00
825,0076.02,3210.00
825,0076.03,4779.00
825,0001.04,6947.00
825,0001.05,3422.00
825,0001.06,4473.00
825,0001.07,7300.00
825,0001.08,5479.00
825,0001.09,6993.00
825,0007.01,6821.00
825,0007.02,6786.00
825,0007.03,6903.00
825,0007.04,5870.00
825,0035.01,5746.00
825,0035.02,3830.00
825,0036.01,4259.00
825,0036.02,3979.00
825,0038.05,6014.00
825,0038.06,6125.00
825,0038.07,4946.00
825,0038.08,4914.00
825,0038.09,9731.00
825,0038.10,5814.00
825,0038.11,6015.00
825,0038.12,4833.00
825,0038.13,5718.00
825,0038.14,6352.00
825,0052.01,4623.00
825,0052.02,4317.00
825,0052.03,4062.00
825,0052.04,4317.00
825,0066.01,3493.00
825,0066.02,5291.00
825,0075.01,3091.00
825,0075.02,4554.00
825,0076.04,4867.00
825,0076.05,3764.00
825,0076.06,4949.00
825,0077.01,2622.00
825,0077.02,5506.00
825,0077.03,3603.00
825,0001.10,3468.00
825,0001.11,4862.00
825,0001.12,8334.00
825,0001.13,5428.00
825,0002.01,17323.00
825,0002.02,6089.00
825,0017.01,4903.00
825,0017.02,10207.00
825,0033.01,4551.00
825,0033.02,5682.00
825,0038.15,6551.00
825,0038.16,8459.00
825,0038.17,6473.00
825,0038.18,6546.00
825,0038.19,13405.00
825,0046.01,3703.00
825,0046.02,4393.00
825,0049.01,4540.00
825,0049.02,6812.00
825,0050.01,4474.00
825,0050.02,5119.00
825,0076.07,10439.00
825,0076.08,12359.00
825,0077.04,5694.00
825,0077.05,5215.00
825,0077.06,4866.00
825,0200.00,8106.00
825,0201.00,6903.00
825,0202.00,4607.00
825,0203.00,3344.00
825,0204.00,7216.00
825,0205.00,7424.00
825,0206.00,9706.00
825,0207.00,6240.00
825,0049.03,5959.00
825,0002.03,8135.00
825,0001.17,5600.00
825,0001.16,7515.00
825,0001.15,8881.00
825,0001.14,2793.00
825,0052.05,7794.00
825,0077.07,6918.00
825,0077.08,13070.00
825,0077.09,14780.00
408,0000.00,160454.00
408,0001.00,4517.00
408,0003.00,7967.00
408,0004.00,4063.00
408,0005.00,3761.00
408,0006.00,3711.00
408,0007.00,2786.00
408,0008.00,5420.00
408,0100.00,4293.00
408,0101.00,4796.00
408,0102.00,3191.00
408,0103.00,6665.00
408,0104.00,5627.00
408,0105.00,3611.00
408,0106.00,3819.00
408,0108.00,2481.00
408,0109.00,2266.00
408,0110.00,6145.00
408,0111.00,8318.00
408,0130.00,4987.00
408,0131.00,4562.00
408,0132.00,3981.00
408,0133.00,4012.00
408,0140.00,4550.00
408,0150.00,5084.00
408,0160.00,7462.00
408,0161.00,3231.00
408,0162.00,7113.00
408,0163.00,3251.00
408,0164.00,2078.00
408,0002.01,3653.00
408,0002.02,4822.00
408,0107.01,4599.00
408,0107.02,3258.00
408,0120.01,2915.00
408,0120.02,7459.00
835,0000.00,862597.00
835,0003.00,4787.00
835,0004.00,5392.00
835,0008.00,3692.00
835,0009.00,5311.00
835,0010.00,3667.00
835,0011.00,5195.00
835,0013.00,3873.00
835,0014.00,3559.00
835,0017.00,3289.00
835,0018.00,131.00
835,0020.00,5666.00
835,0021.00,5737.00
835,0022.00,3883.00
835,0023.00,4695.00
835,0024.00,3572.00
835,0025.00,3118.00
835,0026.00,5868.00
835,0027.00,5997.00
835,0028.00,6380.00
835,0029.00,5911.00
835,0030.00,4683.00
835,0031.00,4494.00
835,0033.00,4476.00
835,0034.00,5547.00
835,0035.00,3113.00
835,0036.00,3436.00
835,0037.00,4006.00
835,0038.00,3167.00
835,0039.00,5020.00
835,0040.00,4533.00
835,0041.00,3623.00
835,0043.00,3011.00
835,0044.00,6074.00
835,0045.00,1641.00
835,0046.00,4563.00
835,0047.00,5905.00
835,0048.00,3387.00
835,0049.00,3579.00
835,0050.00,4133.00
835,0053.00,4003.00
835,0054.00,2992.00
835,0055.00,3787.00
835,0056.00,3660.00
835,0057.00,2036.00
835,0058.00,6685.00
835,0059.00,6355.00
835,0061.00,3577.00
835,0062.00,2689.00
835,0063.00,3789.00
835,0066.00,4167.00
835,0067.00,4458.00
835,0068.00,4664.00
835,0069.00,3141.00
835,0070.00,4140.00
835,0071.00,4021.00
835,0072.00,3644.00
835,0073.00,4660.00
835,0002.01,4092.00
835,0002.02,3299.00
835,0012.01,4277.00
835,0012.02,2430.00
835,0075.01,1709.00
835,0075.02,6272.00
835,0102.00,6102.00
835,0103.00,5873.00
835,0106.00,5685.00
835,0111.00,1938.00
835,0141.00,5561.00
835,0100.00,4286.00
835,0001.01,45.00
835,0001.02,3059.00
835,0001.03,4664.00
835,0001.04,1600.00
835,0001.05,4479.00
835,0002.03,3134.00
835,0005.01,2053.00
835,0005.02,4103.00
835,0006.02,6851.00
835,0006.03,3560.00
835,0006.04,2136.00
835,0006.05,5711.00
835,0006.06,4047.00
835,0007.01,3701.00
835,0007.02,6155.00
835,0015.02,3124.00
835,0016.02,2871.00
835,0019.02,3464.00
835,0032.01,3252.00
835,0032.02,4578.00
835,0042.01,3497.00
835,0042.02,3613.00
835,0051.01,2191.00
835,0051.02,161.00
835,0052.02,4467.00
835,0060.01,2744.00
835,0060.02,3645.00
835,0064.01,2199.00
835,0065.01,2351.00
835,0065.02,3008.00
835,0075.03,1860.00
835,0075.04,1977.00
835,0075.05,4077.00
835,0075.06,5842.00
835,0075.07,4081.00
835,0076.01,2962.00
835,0076.02,6090.00
835,0077.01,3692.00
835,0077.02,5817.00
835,0078.01,1594.00
835,0078.02,4060.00
835,0078.03,2798.00
835,0078.04,10166.00
835,0078.05,3688.00
835,0090.01,5781.00
835,0090.02,3459.00
835,0090.03,2925.00
835,0090.04,5992.00
835,0090.05,4653.00
835,0090.06,4869.00
835,0090.08,3972.00
835,0090.09,6021.00
835,0090.10,7805.00
835,0101.01,5794.00
835,0101.02,6754.00
835,0105.01,7115.00
835,0105.02,7755.00
835,0120.01,5366.00
835,0120.02,4756.00
835,0120.03,2216.00
835,0120.04,12078.00
835,0121.01,8678.00
835,0121.02,4953.00
835,0121.03,2626.00
835,0142.01,6128.00
835,0142.02,3718.00
835,0001.06,3300.00
835,0001.07,5591.00
835,0002.04,3913.00
835,0002.05,2156.00
835,0005.03,7846.00
835,0006.07,6613.00
835,0006.08,6534.00
835,0006.09,4968.00
835,0006.10,7876.00
835,0079.00,3570.00
835,0075.08,3402.00
835,0075.10,6082.00
835,0075.09,3236.00
835,0078.06,4657.00
835,0078.07,5324.00
835,0090.11,3318.00
835,0090.12,4602.00
835,0090.13,4066.00
835,0090.14,8849.00
835,0090.15,5845.00
835,0110.01,4971.00
835,0110.02,4310.00
835,0140.01,7280.00
835,0140.02,8805.00
835,0142.03,6217.00
835,0142.04,5302.00
835,0150.00,6776.00
835,0151.00,5838.00
835,0152.00,5792.00
835,0153.00,5586.00
835,0154.00,2997.00
835,0155.00,4966.00
835,0156.00,4503.00
835,0157.00,4079.00
835,0160.00,8716.00
835,0161.00,6594.00
835,0162.00,7816.00
835,0163.00,8376.00
835,0164.00,7003.00
835,0165.00,7601.00
835,0166.00,4709.00
835,0005.04,5802.00
835,0090.16,3350.00
835,0090.17,3737.00
835,0090.18,3296.00
835,0078.08,4194.00
835,0078.09,5346.00
835,0104.01,11864.00
835,0104.02,4186.00
835,0104.03,10255.00
835,0121.04,4631.00
835,0200.00,1198.00
550,0000.00,105420.00
550,0002.00,4436.00
550,0005.00,5247.00
550,0006.00,1496.00
550,0007.00,4401.00
550,0008.00,3218.00
550,0011.00,5747.00
550,0012.00,4359.00
550,0003.00,3921.00
550,0004.00,6506.00
550,0014.00,5396.00
550,0001.01,6296.00
550,0001.02,5577.00
550,0001.03,4165.00
550,0009.01,7345.00
550,0009.02,9195.00
550,0013.01,3191.00
550,0013.02,4505.00
550,0100.00,6317.00
550,0010.01,5064.00
550,0010.02,2526.00
550,0001.04,6512.00
205,0000.00,332518.00
205,0001.00,3878.00
205,0002.00,5484.00
205,0003.00,2763.00
205,0005.00,1840.00
205,0006.00,3380.00
205,0007.00,1614.00
205,0008.00,2064.00
205,0009.00,1664.00
205,0010.00,4494.00
205,0011.00,5878.00
205,0012.00,2744.00
205,0013.00,2660.00
205,0014.00,3827.00
205,0015.00,4830.00
205,0016.00,2166.00
205,0017.00,2119.00
205,0018.00,3800.00
205,0019.00,4440.00
205,0020.00,2823.00
205,0021.00,3312.00
205,0022.00,5282.00
205,0023.00,4535.00
205,0024.00,5862.00
205,0026.00,7774.00
205,0027.00,2576.00
205,0100.00,3403.00
205,0101.00,3759.00
205,0102.00,3973.00
205,0103.00,4421.00
205,0106.00,8193.00
205,0107.00,3482.00
205,0108.00,4012.00
205,0109.00,3490.00
205,0110.00,1768.00
205,0111.00,3372.00
205,0112.00,2982.00
205,0113.00,1140.00
205,0114.00,5929.00
205,0120.00,2242.00
205,0142.00,6931.00
205,0143.00,7873.00
205,0140.00,6194.00
205,0141.00,6599.00
205,0151.00,5191.00
205,0152.00,3516.00
205,0025.01,5236.00
205,0025.02,4992.00
205,0104.01,2217.00
205,0104.02,4225.00
205,0105.01,3782.00
205,0105.02,5481.00
205,0121.01,8261.00
205,0121.02,3504.00
205,0131.01,5836.00
205,0131.02,5231.00
205,0131.03,6368.00
205,0004.01,2786.00
205,0004.02,3864.00
205,0025.03,5058.00
205,0121.03,1805.00
205,0122.01,4145.00
205,0122.02,6937.00
205,0122.03,3084.00
205,0123.01,2266.00
205,0123.02,4245.00
205,0123.03,8854.00
205,0130.01,6610.00
205,0130.02,6429.00
205,0131.05,4314.00
205,0131.04,3050.00
205,0132.01,7633.00
205,0132.02,6833.00
205,0150.01,6521.00
205,0150.02,4865.00
205,0121.04,7807.00
537,0000.00,624360.00
537,0006.00,4869.00
537,0007.00,3277.00
537,0008.00,2655.00
537,0009.00,3719.00
537,0010.00,3238.00
537,0011.00,2330.00
537,0012.00,1607.00
537,0013.00,2897.00
537,0014.00,2722.00
537,0015.00,1602.00
537,0016.00,171.00
537,0017.00,3230.00
537,0018.00,155.00
537,0019.00,3847.00
537,0020.00,4076.00
537,0021.00,4842.00
537,0022.00,4751.00
537,0023.00,2358.00
537,0024.00,2523.00
537,0025.00,2978.00
537,0027.00,1057.00
537,0028.00,2768.00
537,0029.00,4171.00
537,0030.00,4378.00
537,0031.00,2213.00
537,0032.00,3378.00
537,0033.00,3332.00
537,0034.00,4622.00
537,0035.00,4112.00
537,0036.00,2394.00
537,0037.00,2349.00
537,0038.00,3483.00
537,0039.00,4854.00
537,0040.00,2117.00
537,0041.00,2209.00
537,0042.00,2849.00
537,0043.00,4389.00
537,0044.00,4509.00
537,0045.00,3747.00
537,0046.00,3049.00
537,0047.00,3182.00
537,0048.00,1404.00
537,0049.00,2233.00
537,0050.00,4321.00
537,0051.00,4470.00
537,0052.00,3768.00
537,0053.00,3472.00
537,0054.00,2766.00
537,0055.00,3152.00
537,0056.00,3458.00
537,0057.00,3188.00
537,0058.00,2524.00
537,0059.00,3373.00
537,0060.00,2668.00
537,0061.00,3365.00
537,0062.00,3843.00
537,0063.00,3098.00
537,0064.00,1898.00
537,0065.00,2646.00
537,0066.00,5857.00
537,0067.00,1986.00
537,0068.00,1020.00
537,0069.00,893.00
537,0070.00,2379.00
537,0071.00,7117.00
537,0073.00,1126.00
537,0100.00,4339.00
537,0200.00,2376.00
537,0201.00,2802.00
537,0202.00,3655.00
537,0203.00,2332.00
537,0204.00,5088.00
537,0205.00,7671.00
537,0206.00,3739.00
537,0208.00,3247.00
537,0209.00,1744.00
537,0210.00,2390.00
537,0211.00,2927.00
537,0212.00,1436.00
537,0213.00,3422.00
537,0214.00,2608.00
537,0215.00,2847.00
537,0216.00,4042.00
537,0218.00,6119.00
537,0219.00,4597.00
537,0220.00,5860.00
537,0221.00,3265.00
537,0222.00,6477.00
537,0081.00,2284.00
537,0082.00,3643.00
537,0083.00,2545.00
537,0086.00,3166.00
537,0120.00,3659.00
537,0121.00,1711.00
537,0122.00,7838.00
537,0123.00,6799.00
537,0124.00,3308.00
537,0130.00,7927.00
537,0131.00,4394.00
537,0132.00,3093.00
537,0133.00,7322.00
537,0140.00,11632.00
537,0141.00,4461.00
537,0142.00,7670.00
537,0143.00,3863.00
537,0144.00,6888.00
537,0224.00,3788.00
537,0101.00,6225.00
537,0300.00,1980.00
537,0301.00,3760.00
537,0302.00,5735.00
537,0303.00,8110.00
537,0001.01,2018.00
537,0001.02,5147.00
537,0001.03,5847.00
537,0002.01,3349.00
537,0002.02,5284.00
537,0002.03,3657.00
537,0003.01,3657.00
537,0003.02,3670.00
537,0003.03,3347.00
537,0003.04,6080.00
537,0004.01,3342.00
537,0004.02,4348.00
537,0005.01,6207.00
537,0005.02,4122.00
537,0005.03,3789.00
537,0026.01,3456.00
537,0026.02,1652.00
537,0026.03,1965.00
537,0026.04,1837.00
537,0026.05,4480.00
537,0072.01,159.00
537,0072.02,3980.00
537,0072.03,6561.00
537,0072.04,3627.00
537,0080.01,2366.00
537,0080.02,9967.00
537,0084.01,2816.00
537,0084.02,3492.00
537,0207.01,6553.00
537,0207.02,6913.00
537,0217.01,5127.00
537,0217.02,3471.00
537,0080.03,4084.00
537,0207.03,4313.00
537,0207.04,2425.00
537,0223.01,3099.00
537,0223.02,4545.00
537,0223.03,7900.00
537,0001.04,4786.00
537,0001.05,2255.00
537,0001.06,5484.00
537,0085.01,4699.00
537,0085.02,6224.00
537,0085.03,2344.00
537,0001.07,4081.00
537,0084.03,2375.00
537,0084.04,1429.00
537,0026.06,6006.00
537,0223.04,10198.00
537,0002.04,5125.00
537,0084.05,2884.00
925,0000.00,84914.00
925,0001.00,391.00
925,0002.00,2257.00
925,0003.00,2746.00
925,0004.00,6338.00
925,0005.00,8312.00
925,0006.00,6138.00
925,0007.00,1087.00
925,0008.00,2389.00
925,0009.00,3160.00
925,0010.00,4744.00
925,0011.00,983.00
925,0012.00,4104.00
925,0013.00,3895.00
925,0014.00,2880.00
925,0015.00,4691.00
925,0016.00,3767.00
925,0017.00,4210.00
925,0018.00,3808.00
925,0019.00,3891.00
925,0020.00,3829.00
925,0021.00,3245.00
925,0022.00,552.00
925,0100.00,3432.00
925,0101.00,1573.00
925,0110.00,2492.00
915,0000.00,136541.00
915,0001.00,3036.00
915,0002.00,5101.00
915,0003.00,6485.00
915,0004.00,3458.00
915,0005.00,3770.00
915,0006.00,5555.00
915,0007.00,6808.00
915,0008.00,4067.00
915,0009.00,9224.00
915,0010.00,8535.00
915,0011.00,3367.00
915,0012.00,1225.00
915,0013.00,946.00
915,0014.00,3061.00
915,0015.00,4710.00
915,0016.00,3061.00
915,0017.00,3662.00
915,0018.00,3319.00
915,0019.00,11944.00
915,0100.00,6367.00
915,0101.00,4982.00
915,0102.00,13281.00
915,0103.00,3480.00
915,0104.00,4644.00
915,0105.01,5428.00
915,0105.02,3446.00
915,0105.03,3579.00
521,0000.00,143416.00
521,0001.00,3212.00
521,0002.00,1668.00
521,0003.00,3100.00
521,0004.00,2895.00
521,0005.00,5139.00
521,0006.00,3542.00
521,0007.00,4036.00
521,0008.00,2662.00
521,0009.00,3308.00
521,0010.00,4098.00
521,0012.00,4455.00
521,0013.00,654.00
521,0014.00,4121.00
521,0015.00,3427.00
521,0016.00,573.00
521,0101.00,4365.00
521,0110.00,6789.00
521,0113.00,9167.00
521,0100.01,3824.00
521,0100.02,4713.00
521,0102.00,4468.00
521,0103.00,5046.00
521,0104.00,5085.00
521,0105.00,7818.00
521,0106.00,6334.00
521,0107.00,399.00
521,0108.00,1180.00
521,0109.00,481.00
521,0111.01,3727.00
521,0111.02,5263.00
521,0112.01,8219.00
521,0112.02,7878.00
521,0112.03,2713.00
521,0011.01,6668.00
521,0011.02,2389.00
541,0000.00,382940.00
541,0003.00,3109.00
541,0005.00,7309.00
541,0006.00,1240.00
541,0007.00,7340.00
541,0010.00,4653.00
541,0011.00,4534.00
541,0012.00,2065.00
541,0013.00,3433.00
541,0016.00,5648.00
541,0017.00,1498.00
541,0018.00,2240.00
541,0020.00,2619.00
541,0021.00,4702.00
541,0023.00,3669.00
541,0100.00,5527.00
541,0102.00,2090.00
541,0103.00,3975.00
541,0104.00,7194.00
541,0105.00,1547.00
541,0002.01,2381.00
541,0002.02,6481.00
541,0008.01,5632.00
541,0008.02,3803.00
541,0014.01,8017.00
541,0014.02,4803.00
541,0015.00,5415.00
541,0019.00,3880.00
541,0022.00,1115.00
541,0025.00,494.00
541,0108.00,5098.00
541,0024.00,2846.00
541,0110.00,2539.00
541,0140.00,7799.00
541,0121.00,5189.00
541,0124.00,2350.00
541,0125.00,5491.00
541,0128.00,1760.00
541,0129.00,7993.00
541,0130.00,5406.00
541,0004.01,6243.00
541,0004.02,7032.00
541,0101.01,3237.00
541,0101.02,273.00
541,0101.03,7095.00
541,0106.01,3231.00
541,0106.02,3831.00
541,0111.01,6891.00
541,0111.02,7895.00
541,0126.01,3484.00
541,0126.02,4663.00
541,0126.03,7690.00
541,0127.01,4388.00
541,0127.02,4445.00
541,0001.01,6108.00
541,0001.02,5017.00
541,0002.03,3148.00
541,0002.04,3948.00
541,0002.05,7060.00
541,0008.03,7833.00
541,0009.01,6414.00
541,0009.02,6716.00
541,0009.03,5187.00
541,0014.03,6343.00
541,0101.04,3858.00
541,0120.01,5198.00
541,0120.02,5840.00
541,0122.01,5418.00
541,0122.02,4723.00
541,0123.01,4825.00
541,0123.02,2436.00
541,0126.04,7791.00
541,0126.05,577.00
541,0131.01,4023.00
541,0131.02,7757.00
541,0109.01,6124.00
541,0109.02,5851.00
541,0109.03,8255.00
541,0002.06,3343.00
541,0008.04,5064.00
541,0107.01,5336.00
541,0107.02,5454.00
810,0000.00,63053.00
810,0001.00,140.00
810,0002.00,4276.00
810,0003.00,3567.00
810,0004.00,2955.00
810,0005.00,4170.00
810,0006.00,3570.00
810,0007.00,985.00
810,0008.00,2843.00
810,0009.00,2249.00
810,0011.00,4503.00
810,0012.00,1994.00
810,0013.00,3824.00
810,0014.00,4790.00
810,0015.00,4092.00
810,0016.00,2122.00
810,0017.00,4660.00
810,0018.00,4406.00
810,0019.00,3777.00
810,0020.00,4049.00
810,0021.00,50.00
555,0000.00,398616.00
555,0003.00,1299.00
555,0007.00,7733.00
555,0008.00,3989.00
555,0011.00,5425.00
555,0012.00,5332.00
555,0013.00,4211.00
555,0014.00,4454.00
555,0015.00,1720.00
555,0016.00,2455.00
555,0017.00,4167.00
555,0018.00,5205.00
555,0019.00,1083.00
555,0021.00,4656.00
555,0022.00,3615.00
555,0023.00,2873.00
555,0024.00,4033.00
555,0025.00,4835.00
555,0026.00,6413.00
555,0028.00,2720.00
555,0029.00,3330.00
555,0030.00,4181.00
555,0031.00,1440.00
555,0032.00,4369.00
555,0033.00,4478.00
555,0034.00,4106.00
555,0036.00,4598.00
555,0037.00,4741.00
555,0038.00,4245.00
555,0039.00,5120.00
555,0040.00,2692.00
555,0041.00,3669.00
555,0042.00,3888.00
555,0043.00,3631.00
555,0045.00,1662.00
555,0046.00,6067.00
555,0047.00,5263.00
555,0048.00,4179.00
555,0050.00,11279.00
555,0051.00,4892.00
555,0100.00,8667.00
555,0110.00,8404.00
555,0120.00,5743.00
555,0130.00,3700.00
555,0230.00,4282.00
555,0140.00,2740.00
555,0001.01,7466.00
555,0001.02,4584.00
555,0001.03,4278.00
555,0002.01,4038.00
555,0002.02,3072.00
555,0002.03,2370.00
555,0005.01,6227.00
555,0005.02,3924.00
555,0006.01,3919.00
555,0006.02,3915.00
555,0006.03,6974.00
555,0009.01,2673.00
555,0009.02,6624.00
555,0010.01,2543.00
555,0010.02,4949.00
555,0020.01,3760.00
555,0020.02,5280.00
555,0027.01,6278.00
555,0027.02,10391.00
555,0044.01,4115.00
555,0044.02,3330.00
555,0044.03,7422.00
555,0044.04,2757.00
555,0001.04,9381.00
555,0002.04,2731.00
555,0004.01,5215.00
555,0004.02,7503.00
555,0005.03,5661.00
555,0044.05,3868.00
555,0049.01,4563.00
555,0049.02,3746.00
555,0200.00,4445.00
555,0201.00,2801.00
555,0202.00,2481.00
555,0203.00,3692.00
555,0204.00,8786.00
555,0205.00,3046.00
555,0206.00,3970.00
555,0207.00,3848.00
555,0210.00,1254.00
555,0220.00,7599.00
555,0150.00,5553.00
305,0000.00,113491.00
305,0001.00,1259.00
305,0002.00,4898.00
305,0004.00,6718.00
305,0005.00,2552.00
305,0006.00,5053.00
305,0007.00,3298.00
305,0008.00,4569.00
305,0009.00,4762.00
305,0011.00,2436.00
305,0012.00,5491.00
305,0013.00,4908.00
305,0014.00,7571.00
305,0101.00,6684.00
305,0015.00,7182.00
305,0100.00,6783.00
305,0003.01,2438.00
305,0003.02,7217.00
305,0010.01,1823.00
305,0010.02,6799.00
305,0102.01,5346.00
305,0102.02,4623.00
305,0016.01,5657.00
305,0016.02,4397.00
305,0110.00,1027.00
462,0000.00,3326510.00
462,0001.00,2388.00
462,0002.00,2812.00
462,0003.00,6527.00
462,0004.00,3130.00
462,0005.00,3217.00
462,0006.00,4380.00
462,0007.00,5675.00
462,0008.00,2966.00
462,0009.00,3806.00
462,0010.00,1418.00
462,0011.00,4935.00
462,0013.00,4473.00
462,0015.00,3167.00
462,0016.00,2505.00
462,0017.00,1991.00
462,0018.00,1972.00
462,0019.00,2085.00
462,0021.00,3000.00
462,0022.00,1540.00
462,0023.00,1092.00
462,0024.00,2464.00
462,0025.00,2577.00
462,0026.00,1943.00
462,0027.00,1704.00
462,0028.00,2051.00
462,0029.00,3524.00
462,0030.00,3176.00
462,0031.00,2540.00
462,0032.00,1408.00
462,0033.00,1779.00
462,0034.00,2314.00
462,0035.00,1994.00
462,0036.00,1718.00
462,0037.00,2838.00
462,0038.00,1865.00
462,0039.00,1414.00
462,0041.00,1618.00
462,0042.00,833.00
462,0043.00,741.00
462,0044.00,2013.00
462,0045.00,1507.00
462,0046.00,1741.00
462,0047.00,660.00
462,0048.00,2114.00
462,0049.00,1308.00
462,0050.00,1287.00
462,0051.00,1321.00
462,0052.00,1982.00
462,0053.00,967.00
462,0054.00,1193.00
462,0056.00,1156.00
462,0057.00,758.00
462,0058.00,867.00
462,0059.00,1155.00
462,0060.00,1673.00
462,0061.00,457.00
462,0062.00,294.00
462,0063.00,415.00
462,0064.00,1102.00
462,0067.00,1837.00
462,0068.00,1959.00
462,0069.00,1780.00
462,0070.00,261.00
462,0072.00,3622.00
462,0073.00,1030.00
462,0074.00,3653.00
462,0075.00,2587.00
462,0076.00,2203.00
462,0077.00,2282.00
462,0078.00,3076.00
462,0079.00,4037.00
462,0080.00,821.00
462,0081.00,2339.00
462,0082.00,2031.00
462,0083.00,3107.00
462,0084.00,1653.00
462,0085.00,684.00
462,0086.00,4000.00
462,0087.00,2997.00
462,0088.00,3717.00
462,0089.00,4913.00
462,0090.00,4361.00
462,0092.00,6398.00
462,0093.00,3127.00
462,0095.00,1862.00
462,0096.00,2204.00
462,0098.00,5431.00
462,0099.00,4280.00
462,0100.00,6977.00
462,0102.00,4131.00
462,0103.00,2359.00
462,0104.00,2814.00
462,0105.00,3381.00
462,0106.00,1916.00
462,0107.00,1404.00
462,0108.00,3952.00
462,0109.00,1983.00
462,0110.00,3558.00
462,0111.00,6419.00
462,0113.00,5114.00
462,0114.00,2034.00
462,0116.00,6903.00
462,0117.00,4632.00
462,0118.00,4357.00
462,0119.00,6183.00
462,0120.00,3685.00
462,0121.00,1389.00
462,0122.00,6936.00
462,0123.00,6442.00
462,0124.00,5552.00
462,0125.00,6334.00
462,0126.00,2167.00
462,0128.00,3578.00
462,0130.00,3348.00
462,0131.00,3198.00
462,0132.00,4933.00
462,0133.00,2483.00
462,0134.00,824.00
462,0135.00,1735.00
462,0136.00,2710.00
462,0137.00,1293.00
462,0138.00,1966.00
462,0139.00,2740.00
462,0140.00,1453.00
462,0141.00,1553.00
462,0142.00,1563.00
462,0143.00,2355.00
462,0144.00,3312.00
462,0146.00,2356.00
462,0147.00,2623.00
462,0148.00,1246.00
462,0149.00,3264.00
462,0150.00,2320.00
462,0151.00,2129.00
462,0152.00,1550.00
462,0153.00,819.00
462,0154.00,583.00
462,0155.00,1910.00
462,0156.00,2034.00
462,0157.00,2045.00
462,0158.00,1977.00
462,0159.00,1861.00
462,0160.00,1613.00
462,0161.00,1706.00
462,0162.00,1458.00
462,0163.00,3287.00
462,0164.00,1548.00
462,0165.00,2279.00
462,0166.00,379.00
462,0167.00,2511.00
462,0168.00,2547.00
462,0169.00,2371.00
462,0170.00,2395.00
462,0171.00,3875.00
462,0172.00,1739.00
462,0173.00,1620.00
462,0174.00,1588.00
462,0175.00,1609.00
462,0176.00,1584.00
462,0177.00,1224.00
462,0178.00,2438.00
462,0179.00,3730.00
462,0180.00,3551.00
462,0181.00,3814.00
462,0182.00,2218.00
462,0183.00,2264.00
462,0184.00,3024.00
462,0185.00,5171.00
462,0186.00,4490.00
462,0191.00,6239.00
462,0192.00,2684.00
462,0193.00,2005.00
462,0194.00,5332.00
462,0196.00,3818.00
462,0197.00,4576.00
462,0198.00,4715.00
462,0199.00,2274.00
462,0200.00,3984.00
462,0201.00,6043.00
462,0202.00,4160.00
462,0203.00,2770.00
462,0204.00,2712.00
462,0205.00,2145.00
462,0206.00,2752.00
462,0207.00,3469.00
462,0208.00,2556.00
462,0209.00,5894.00
462,0210.00,3217.00
462,0211.00,2348.00
462,0212.00,2456.00
462,0213.00,2633.00
462,0214.00,2619.00
462,0215.00,2218.00
462,0216.00,2286.00
462,0217.00,2777.00
462,0218.00,3219.00
462,0219.00,2294.00
462,0220.00,5842.00
462,0221.00,6593.00
462,0222.00,3954.00
462,0224.00,6033.00
462,0225.00,1408.00
462,0226.00,3188.00
462,0227.00,1591.00
462,0228.00,1656.00
462,0230.00,1988.00
462,0231.00,1862.00
462,0232.00,2768.00
462,0233.00,2024.00
462,0234.00,2358.00
462,0235.00,1924.00
462,0236.00,1712.00
462,0237.00,3289.00
462,0238.00,2338.00
462,0239.00,4482.00
462,0240.00,2962.00
462,0241.00,2910.00
462,0242.00,6410.00
462,0243.00,4116.00
462,0244.00,2213.00
462,0245.00,2667.00
462,0247.00,2321.00
462,0249.00,4347.00
462,0250.00,3855.00
462,0252.00,4853.00
462,0253.00,2802.00
462,0254.00,3609.00
462,0256.00,3715.00
462,0257.00,4562.00
462,0258.00,4597.00
462,0259.00,5797.00
462,0260.00,2255.00
462,0261.00,2726.00
462,0262.00,4748.00
462,0263.00,4047.00
462,0265.00,4421.00
462,0266.00,3190.00
462,0267.00,6177.00
462,0269.00,3974.00
462,0270.00,4073.00
462,0271.00,3095.00
462,0272.00,3601.00
462,0273.00,4395.00
462,0274.00,3039.00
462,0275.00,4008.00
462,0276.00,4776.00
462,0277.00,4107.00
462,0278.00,4257.00
462,0279.00,4130.00
462,0280.00,4267.00
462,0281.00,3616.00
462,0282.00,6148.00
462,0284.00,3370.00
462,0285.00,6737.00
462,0286.00,4808.00
462,0288.00,1372.00
462,0291.00,8669.00
462,0300.00,2190.00
462,0301.00,4689.00
462,0302.00,2812.00
462,0303.00,2052.00
462,0304.00,2578.00
462,0305.00,3365.00
462,0306.00,3037.00
462,0307.00,3263.00
462,0308.00,2773.00
462,0309.00,1254.00
462,0310.00,3567.00
462,0311.00,4091.00
462,0312.00,3316.00
462,0313.00,3363.00
462,0314.00,2687.00
462,0315.00,425.00
462,0316.00,2066.00
462,0320.00,4658.00
462,0321.00,2889.00
462,0323.00,3210.00
462,0327.00,4783.00
462,0329.00,3532.00
462,0330.00,4739.00
462,0340.00,5254.00
462,0350.00,2439.00
462,0351.00,5159.00
462,0352.00,2844.00
462,0353.00,3003.00
462,0354.00,3310.00
462,0355.00,1471.00
462,0356.00,2194.00
462,0360.00,2307.00
462,0361.00,1481.00
462,0362.00,2593.00
462,0363.00,4751.00
462,0364.00,2497.00
462,0365.00,2549.00
462,0366.00,2562.00
462,0367.00,3831.00
462,0370.00,6986.00
462,0380.00,4117.00
462,0381.00,5335.00
462,0385.00,1464.00
462,0390.00,1353.00
462,0391.00,1856.00
462,0392.00,1336.00
462,0393.00,5124.00
462,0394.00,3667.00
462,0396.00,5522.00
462,0397.00,3835.00
462,0400.00,4251.00
462,0401.00,2993.00
462,0402.00,1141.00
462,0403.00,4964.00
462,0404.00,4933.00
462,0412.00,5140.00
462,0413.00,7106.00
462,0416.00,7635.00
462,0418.00,5192.00
462,0419.00,4542.00
462,0420.00,4485.00
462,0421.00,12267.00
462,0430.00,5325.00
462,0431.00,5445.00
462,0432.00,3245.00
462,0433.00,3557.00
462,0450.00,7144.00
462,0451.00,6410.00
462,0452.00,6399.00
462,0460.00,5414.00
462,0461.00,2934.00
462,0480.00,3774.00
462,0490.00,2292.00
462,0491.00,2408.00
462,0500.00,906.00
462,0510.00,2853.00
462,0511.00,5893.00
462,0513.00,8183.00
462,0515.00,12992.00
462,0523.00,2655.00
462,0530.00,5950.00
462,0540.00,3339.00
462,0570.00,3523.00
462,0583.00,3443.00
462,0584.00,7384.00
462,0592.00,6773.00
462,0593.00,6249.00
462,0612.00,3976.00
462,0613.00,6769.00
462,0614.00,3447.00
462,0615.00,5011.00
462,0616.00,5868.00
462,0618.00,3247.00
462,0619.00,6002.00
462,0626.00,3498.00
462,0627.00,7180.00
462,0629.00,3307.00
462,0631.00,1508.00
462,0633.00,5333.00
462,0634.00,2958.00
462,0635.00,5486.00
462,0636.00,6277.00
462,0639.00,3487.00
462,0640.00,3318.00
462,0642.00,6890.00
462,0643.00,5991.00
462,0644.00,1070.00
462,0645.00,5187.00
462,0648.00,5187.00
462,0651.00,9856.00
462,0653.00,978.00
462,0654.00,742.00
462,0662.00,4606.00
462,0675.00,5341.00
462,0683.00,5739.00
462,0701.00,7124.00
462,0705.00,8099.00
462,0706.00,3149.00
462,0707.00,4213.00
462,0708.00,8016.00
462,0728.00,12143.00
462,0729.00,3810.00
462,0730.00,8295.00
462,0731.00,5443.00
462,0755.00,5641.00
462,0800.00,7712.00
462,0801.00,7288.00
462,0802.00,3793.00
462,0804.00,7397.00
462,0805.00,7164.00
462,0807.00,9059.00
462,0829.00,6703.00
462,0830.00,13724.00
462,0851.00,4754.00
462,0856.00,2027.00
462,0859.00,2568.00
462,0861.00,6418.00
462,0862.00,6972.00
462,0864.00,5380.00
462,0865.00,1771.00
462,0866.00,3281.00
462,0867.00,6161.00
462,0869.00,3398.00
462,0872.00,6585.00
462,0874.00,5148.00
462,0875.00,5045.00
462,0877.00,9732.00
462,0878.00,5350.00
462,0880.00,4118.00
462,0882.00,2736.00
462,0883.00,2435.00
462,0885.00,3781.00
462,0886.00,10321.00
462,0888.00,7170.00
462,0900.00,4939.00
462,0902.00,3813.00
462,0929.00,7320.00
462,0681.00,3307.00
462,0688.00,12908.00
462,0732.00,7942.00
462,0758.00,11193.00
462,0833.00,5581.00
462,0012.01,2616.00
462,0012.02,4141.00
462,0097.01,5743.00
462,0097.02,3149.00
462,0283.01,3832.00
462,0283.02,3047.00
462,0322.01,7778.00
462,0322.02,3816.00
462,0325.01,4009.00
462,0325.02,5910.00
462,0325.03,3759.00
462,0326.01,3006.00
462,0326.02,3604.00
462,0328.00,1967.00
462,0395.01,2544.00
462,0395.02,5774.00
462,0395.03,4160.00
462,0520.01,8687.00
462,0520.02,7300.00
462,0590.01,5237.00
462,0590.02,3032.00
462,0591.01,2639.00
462,0591.02,3889.00
462,0603.01,3838.00
462,0603.02,3693.00
462,0604.01,3290.00
462,0604.02,4123.00
462,0605.01,3012.00
462,0605.02,2011.00
462,0610.01,4555.00
462,0610.02,4751.00
462,0610.03,5419.00
462,0610.04,3876.00
462,0611.01,2723.00
462,0611.02,5321.00
462,0617.01,5250.00
462,0617.02,3730.00
462,0630.01,3604.00
462,0630.02,5003.00
462,0632.01,5120.00
462,0632.02,4777.00
462,0638.01,5604.00
462,0638.02,2088.00
462,0638.03,4219.00
462,0646.01,3222.00
462,0646.02,3398.00
462,0646.03,3343.00
462,0650.01,4786.00
462,0650.02,3993.00
462,0650.03,5032.00
462,0652.01,5304.00
462,0652.02,6414.00
462,0659.01,9968.00
462,0659.02,6031.00
462,0686.00,10607.00
462,0700.01,5097.00
462,0700.02,7901.00
462,0709.00,8758.00
462,0710.00,20845.00
462,0727.00,7520.00
462,0750.00,18214.00
462,0756.01,7707.00
462,0756.02,678.00
462,0757.00,4796.00
462,0775.00,2410.00
462,0825.01,6310.00
462,0825.02,4348.00
462,0825.03,5412.00
462,0825.04,5572.00
462,0827.01,10065.00
462,0827.02,7063.00
462,0852.01,4881.00
462,0852.02,733.00
462,0857.01,5421.00
462,0857.02,4639.00
462,0868.01,6213.00
462,0868.02,5793.00
462,0879.01,3155.00
462,0879.02,3974.00
462,0881.01,3577.00
462,0881.02,3774.00
462,0889.01,2881.00
462,0889.02,2930.00
462,0889.03,4773.00
462,0926.00,8725.00
462,0065.01,5849.00
462,0065.02,2716.00
462,0066.01,2738.00
462,0066.02,2003.00
462,0115.01,2036.00
462,0115.02,5696.00
462,0188.01,1918.00
462,0188.02,2184.00
462,0195.01,3750.00
462,0195.02,5408.00
462,0223.01,4008.00
462,0223.02,3440.00
462,0251.01,3404.00
462,0251.02,2610.00
462,0290.01,1998.00
462,0290.02,5927.00
462,0324.01,4288.00
462,0324.02,2728.00
462,0325.04,7287.00
462,0382.01,3709.00
462,0382.02,4392.00
462,0462.01,5364.00
462,0462.02,5702.00
462,0470.01,6849.00
462,0470.02,8109.00
462,0512.01,7705.00
462,0512.02,4302.00
462,0514.01,5573.00
462,0514.02,5485.00
462,0521.01,4776.00
462,0521.02,8124.00
462,0582.01,7151.00
462,0582.02,6351.00
462,0600.01,3922.00
462,0600.02,3621.00
462,0600.03,4990.00
462,0601.01,3129.00
462,0601.02,2894.00
462,0602.01,3174.00
462,0602.02,2766.00
462,0603.03,3682.00
462,0604.03,3217.00
462,0604.04,3846.00
462,0604.05,3674.00
462,0605.03,5324.00
462,0605.04,4776.00
462,0605.05,2345.00
462,0610.05,4520.00
462,0610.06,2736.00
462,0628.01,4420.00
462,0628.02,3672.00
462,0638.04,6321.00
462,0641.01,7026.00
462,0641.02,2209.00
462,0657.01,3467.00
462,0657.02,5778.00
462,0658.01,5064.00
462,0658.02,3581.00
462,0658.03,5993.00
462,0661.01,6855.00
462,0661.02,6866.00
462,0676.01,3660.00
462,0676.02,3217.00
462,0676.03,2815.00
462,0676.04,3637.00
462,0687.01,4169.00
462,0687.02,6428.00
462,0704.01,4861.00
462,0704.02,12973.00
462,0725.01,7622.00
462,0725.02,10033.00
462,0825.05,4945.00
462,0826.01,8192.00
462,0826.02,5102.00
462,0855.01,5384.00
462,0855.02,6708.00
462,0857.03,11773.00
462,0858.01,5062.00
462,0858.02,4338.00
462,0858.03,7457.00
462,0860.01,6697.00
462,0860.02,4222.00
462,0863.01,3595.00
462,0863.02,5024.00
462,0870.01,4144.00
462,0870.02,2358.00
462,0871.01,4043.00
462,0871.02,2204.00
462,0873.01,4547.00
462,0873.02,4734.00
462,0876.01,3821.00
462,0876.02,11637.00
462,0884.01,2971.00
462,0884.02,7195.00
462,0887.01,9736.00
462,0887.02,7499.00
462,0903.01,7445.00
462,0903.02,12653.00
462,0101.01,4168.00
462,0101.02,3723.00
462,0129.01,3874.00
462,0129.02,4086.00
462,0195.03,5251.00
462,0287.01,5384.00
462,0287.02,4247.00
462,0290.03,3990.00
462,0290.04,6138.00
462,0326.03,4805.00
462,0383.01,3528.00
462,0383.02,6820.00
462,0410.01,5034.00
462,0410.02,4838.00
462,0521.03,8454.00
462,0522.01,4123.00
462,0522.02,3707.00
462,0594.01,3066.00
462,0594.02,6423.00
462,0610.07,4380.00
462,0632.03,5387.00
462,0647.01,3036.00
462,0647.02,5991.00
462,0649.01,2870.00
462,0649.02,5818.00
462,0652.03,7348.00
462,0655.01,3870.00
462,0655.02,5763.00
462,0659.03,7774.00
462,0677.01,6485.00
462,0677.02,5788.00
462,0677.03,6672.00
462,0677.04,10852.00
462,0684.01,8287.00
462,0684.02,10202.00
462,0685.01,13819.00
462,0685.02,3671.00
462,0687.03,3185.00
462,0703.01,8202.00
462,0703.02,3823.00
462,0704.03,7393.00
462,0726.01,6916.00
462,0726.02,7757.00
462,0751.01,5398.00
462,0751.02,4625.00
462,0756.03,6399.00
462,0826.03,14889.00
462,0826.04,8589.00
462,0828.01,7563.00
462,0828.02,4242.00
462,0831.01,14372.00
462,0831.02,7561.00
462,0850.01,5637.00
462,0850.02,9325.00
462,0853.01,8015.00
462,0853.02,3756.00
462,0854.01,5623.00
462,0854.02,5999.00
462,0857.04,10528.00
462,0857.05,7630.00
462,0876.03,7194.00
462,0901.01,4725.00
462,0901.02,4873.00
462,0901.03,4757.00
462,0903.03,13180.00
462,0930.01,7852.00
462,0930.02,5212.00
462,0733.00,5520.00
462,0734.00,9580.00
462,0735.00,9068.00
462,0689.00,14413.00
462,0776.00,5723.00
462,0777.00,5804.00
462,0834.00,2401.00
462,0094.01,5487.00
462,0014.01,5256.00
462,0112.01,5039.00
462,0112.02,4165.00
462,0055.01,2230.00
462,0055.02,442.00
462,0190.01,3529.00
462,0190.02,3546.00
462,0290.05,5331.00
462,0187.01,2444.00
462,0187.02,6678.00
462,0127.01,5325.00
462,0290.06,6232.00
462,0290.07,2942.00
462,0290.08,4260.00
462,0581.01,6035.00
462,0581.02,3836.00
462,0290.09,5365.00
462,0580.01,4029.00
462,0580.02,1085.00
462,0585.01,1450.00
462,0585.02,3643.00
462,0264.01,5577.00
462,0264.02,4522.00
462,0268.01,5519.00
462,0268.02,3772.00
462,0677.05,5357.00
462,0702.01,2170.00
462,0702.02,6706.00
462,0687.04,5600.00
462,0687.05,9834.00
462,0806.01,3235.00
462,0806.02,4834.00
462,0682.01,14095.00
462,0682.02,2758.00
462,0904.01,15166.00
462,0904.02,3676.00
462,0637.01,5420.00
462,0637.02,2735.00
462,0625.01,5896.00
462,0625.02,5725.00
462,0656.01,5695.00
462,0656.02,6231.00
462,0632.04,7174.00
462,0657.03,3723.00
462,0660.01,3509.00
462,0660.02,5439.00
462,0660.03,4972.00
462,0550.01,10222.00
462,0550.02,2816.00
462,0470.03,3720.00
462,0453.01,5296.00
462,0453.02,3186.00
462,0317.01,6465.00
462,0317.02,5721.00
462,0415.01,1165.00
462,0415.02,8739.00
462,0410.03,1701.00
462,0417.01,3849.00
462,0417.02,2547.00
462,0580.03,4353.00
462,0690.00,4385.00
462,0691.00,5821.00
462,0692.00,5736.00
462,0693.00,5630.00
462,0694.00,4207.00
462,0740.00,6702.00
462,0760.00,4641.00
462,0781.00,5067.00
462,0782.00,3101.00
462,0783.00,4472.00
462,0784.00,3815.00
462,0785.00,3848.00
462,0786.00,5116.00
462,0787.00,5690.00
462,0788.00,4564.00
462,0789.00,4444.00
462,0790.00,4094.00
462,0791.00,4937.00
462,0792.00,3772.00
462,0780.00,3613.00
938,0000.00,85585.00
938,0001.00,3593.00
938,0002.00,5168.00
938,0003.00,4021.00
938,0004.00,2010.00
938,0005.00,4892.00
938,0006.00,4775.00
938,0007.00,3857.00
938,0008.00,3701.00
938,0009.00,5511.00
938,0010.00,2958.00
938,0011.00,4662.00
938,0012.00,3044.00
938,0013.00,4837.00
938,0014.00,6065.00
938,0015.00,4033.00
938,0016.00,5444.00
938,0017.00,2896.00
938,0018.00,3479.00
938,0019.00,5408.00
938,0020.00,5231.00
575,0000.00,64785.00
575,0001.00,306.00
575,0002.00,6645.00
575,0003.00,4199.00
575,0004.00,3029.00
575,0005.00,1240.00
575,0006.00,2348.00
575,0007.00,2306.00
575,0008.00,4597.00
575,0009.00,2392.00
575,0010.00,2104.00
575,0011.00,3947.00
575,0012.00,4659.00
575,0013.00,2826.00
575,0014.00,3659.00
575,0015.00,2988.00
575,0016.00,3360.00
575,0017.00,3727.00
575,0100.00,3168.00
575,0101.00,4139.00
575,0102.00,1381.00
575,0110.00,1765.00
532,0000.00,268773.00
532,0001.00,3194.00
532,0005.00,4073.00
532,0006.00,3668.00
532,0007.00,5557.00
532,0010.00,4478.00
532,0011.00,5593.00
532,0012.00,6143.00
532,0013.00,6257.00
532,0102.00,8453.00
532,0103.00,2852.00
532,0104.00,4266.00
532,0002.01,4599.00
532,0002.02,5035.00
532,0008.01,4006.00
532,0008.02,2819.00
532,0015.00,6555.00
532,0016.00,3310.00
532,0002.03,7207.00
532,0003.01,5158.00
532,0003.02,6937.00
532,0008.03,4949.00
532,0008.04,8892.00
532,0009.01,2710.00
532,0009.02,3841.00
532,0009.03,4860.00
532,0014.01,2652.00
532,0014.02,5296.00
532,0004.01,3360.00
532,0004.02,4290.00
532,0009.04,3000.00
532,0100.01,1511.00
532,0100.02,5919.00
532,0100.03,5844.00
532,0101.01,7594.00
532,0101.02,4593.00
532,0101.03,4681.00
532,0200.00,5987.00
532,0201.00,6532.00
532,0203.00,11178.00
532,0204.00,3888.00
532,0205.00,5144.00
532,0206.00,4731.00
532,0105.01,18302.00
532,0105.02,4615.00
532,0009.05,5925.00
532,0101.04,5164.00
532,0202.01,8606.00
532,0202.02,11559.00
532,0202.03,2990.00
505,0000.00,1010498.00
505,0003.00,4655.00
505,0004.00,3752.00
505,0005.00,4925.00
505,0006.00,3976.00
505,0008.00,4863.00
505,0009.00,3438.00
505,0010.00,4124.00
505,0012.00,4448.00
505,0013.00,5149.00
505,0014.00,1962.00
505,0015.00,4458.00
505,0016.00,4404.00
505,0017.00,3623.00
505,0018.00,3920.00
505,0019.00,3920.00
505,0021.00,6403.00
505,0022.00,5807.00
505,0023.00,6079.00
505,0024.00,3250.00
505,0025.00,5419.00
505,0026.00,5611.00
505,0027.00,4190.00
505,0028.00,6798.00
505,0029.00,5425.00
505,0030.00,6719.00
505,0031.00,5354.00
505,0034.00,3628.00
505,0035.00,3268.00
505,0036.00,3384.00
505,0037.00,7008.00
505,0038.00,3776.00
505,0039.00,2826.00
505,0040.00,3694.00
505,0041.00,4763.00
505,0042.00,4235.00
505,0043.00,4231.00
505,0044.00,2451.00
505,0045.00,6847.00
505,0046.00,4969.00
505,0047.00,45.00
505,0048.00,3743.00
505,0049.00,2989.00
505,0050.00,632.00
505,0051.00,5356.00
505,0052.00,4747.00
505,0053.00,2726.00
505,0054.00,1717.00
505,0055.00,2244.00
505,0056.00,3776.00
505,0057.00,1816.00
505,0058.00,3555.00
505,0059.00,3388.00
505,0060.00,4667.00
505,0061.00,5042.00
505,0100.00,3274.00
505,0101.00,3154.00
505,0102.00,3518.00
505,0103.00,4730.00
505,0104.00,2571.00
505,0110.00,1995.00
505,0132.00,6052.00
505,0133.00,5535.00
505,0134.00,3952.00
505,0138.00,6854.00
505,0139.00,4158.00
505,0500.00,2252.00
505,0501.00,2148.00
505,0502.00,2066.00
505,0503.00,2217.00
505,0504.00,5385.00
505,0505.00,3583.00
505,0506.00,5318.00
505,0507.00,4711.00
505,0508.00,3278.00
505,0509.00,2829.00
505,0600.00,3148.00
505,0611.00,5803.00
505,0800.00,1591.00
505,0820.00,6465.00
505,0821.00,7099.00
505,0840.00,6543.00
505,0001.01,7385.00
505,0001.02,11408.00
505,0007.01,2126.00
505,0007.02,4795.00
505,0011.01,7419.00
505,0011.02,7328.00
505,0062.01,4220.00
505,0062.02,3395.00
505,0120.01,1706.00
505,0120.02,4255.00
505,0126.00,4386.00
505,0127.00,3968.00
505,0131.01,5672.00
505,0131.02,4914.00
505,0135.01,6926.00
505,0135.02,5550.00
505,0141.00,9473.00
505,0180.00,8410.00
505,0181.00,10223.00
505,0190.00,8861.00
505,0191.00,7043.00
505,0200.00,8140.00
505,0002.01,3220.00
505,0002.02,3681.00
505,0002.03,7732.00
505,0007.03,3929.00
505,0020.01,5963.00
505,0020.02,2435.00
505,0032.01,3193.00
505,0032.02,5430.00
505,0033.01,4429.00
505,0033.02,2951.00
505,0120.03,5497.00
505,0121.01,4325.00
505,0121.02,3062.00
505,0122.01,3289.00
505,0122.02,7138.00
505,0123.01,5061.00
505,0123.02,5970.00
505,0124.01,3795.00
505,0124.02,4185.00
505,0124.03,5468.00
505,0125.01,5503.00
505,0125.02,3772.00
505,0125.03,708.00
505,0125.04,4489.00
505,0130.01,3510.00
505,0130.02,4982.00
505,0135.03,2093.00
505,0136.01,4864.00
505,0136.02,5070.00
505,0137.01,8423.00
505,0137.02,3056.00
505,0137.03,1783.00
505,0140.02,8005.00
505,0140.03,3092.00
505,0151.01,6492.00
505,0151.02,9291.00
505,0151.03,3484.00
505,0160.01,5003.00
505,0160.02,5754.00
505,0170.01,4150.00
505,0170.02,8224.00
505,0201.00,4304.00
505,0510.01,5384.00
505,0510.02,3265.00
505,0511.01,7102.00
505,0511.02,6567.00
505,0601.01,5333.00
505,0601.02,2646.00
505,0602.01,4024.00
505,0602.02,2153.00
505,0610.01,2184.00
505,0610.02,2430.00
505,0612.01,2398.00
505,0612.02,944.00
505,0613.01,4354.00
505,0613.02,12210.00
505,0620.01,3204.00
505,0620.02,6599.00
505,0631.00,4301.00
505,0700.01,5205.00
505,0700.02,8186.00
505,0810.01,3966.00
505,0810.02,4702.00
505,0811.01,4105.00
505,0811.02,4762.00
505,0822.01,8451.00
505,0822.02,5919.00
505,0841.01,11228.00
505,0841.02,5425.00
505,0125.05,5179.00
505,0125.06,3042.00
505,0160.04,7342.00
505,0170.03,4735.00
505,0170.04,4408.00
505,0170.05,4356.00
505,0171.01,5379.00
505,0171.02,5345.00
505,0710.00,7989.00
505,0711.00,6218.00
505,0712.00,5460.00
505,0850.00,4722.00
505,0300.00,6126.00
505,0301.00,4462.00
505,0302.00,5953.00
505,0601.03,5042.00
505,0602.03,5798.00
505,0160.06,1560.00
505,0160.07,3877.00
505,0162.01,4405.00
505,0162.02,4424.00
505,0160.05,3700.00
505,0125.09,3079.00
505,0125.08,5300.00
505,0001.03,8056.00
505,0002.04,50.00
505,0161.01,4260.00
505,0161.02,7557.00
505,0140.04,5874.00
505,0140.05,5253.00
505,0124.04,3789.00
505,0170.06,8575.00
505,0170.07,2195.00
505,0125.07,3605.00
505,0630.01,5979.00
505,0630.02,4381.00
505,0122.03,3451.00
505,0202.00,2500.00
505,0185.00,6403.00
505,0186.00,2877.00
505,0182.00,3730.00
505,0183.00,3859.00
505,0184.00,4288.00
529,0000.00,100193.00
529,0001.00,7127.00
529,0002.00,3920.00
529,0003.00,4681.00
529,0004.00,4001.00
529,0005.00,2321.00
529,0006.00,5538.00
529,0007.00,4106.00
529,0008.00,3904.00
529,0010.00,2466.00
529,0011.00,2570.00
529,0012.00,5399.00
529,0013.00,4807.00
529,0014.00,1802.00
529,0100.00,6115.00
529,0009.01,2909.00
529,0009.02,5739.00
529,0101.00,3053.00
529,0102.00,7163.00
529,0103.00,4465.00
529,0104.00,4138.00
529,0105.00,5724.00
529,0009.03,2516.00
529,0009.04,5729.00
970,0000.00,75150.00
970,0001.00,136.00
970,0002.00,6045.00
970,0003.00,4903.00
970,0004.00,2043.00
970,0005.00,7034.00
970,0006.00,2424.00
970,0007.00,1563.00
970,0008.00,5077.00
970,0009.00,242.00
970,0010.00,1349.00
970,0011.00,2967.00
970,0013.00,2168.00
970,0014.00,4785.00
970,0015.00,4983.00
970,0016.00,6820.00
970,0017.00,5599.00
970,0018.00,131.00
970,0019.00,2201.00
970,0020.00,5310.00
970,0021.00,2843.00
970,0022.00,2453.00
970,0023.00,3730.00
421,0000.00,671889.00
421,0001.00,7891.00
421,0002.00,2132.00
421,0003.00,6727.00
421,0004.00,690.00
421,0005.00,3575.00
421,0006.00,4889.00
421,0007.00,2362.00
421,0008.00,1537.00
421,0009.00,2070.00
421,0010.00,2606.00
421,0011.00,1653.00
421,0012.00,2464.00
421,0013.00,1365.00
421,0014.00,1954.00
421,0015.00,3487.00
421,0016.00,2945.00
421,0017.00,240.00
421,0018.00,1112.00
421,0019.00,2651.00
421,0020.00,2529.00
421,0021.00,1875.00
421,0022.00,1982.00
421,0023.00,507.00
421,0024.00,610.00
421,0025.00,812.00
421,0026.00,4890.00
421,0027.00,2048.00
421,0028.00,1720.00
421,0029.00,2036.00
421,0030.00,3416.00
421,0031.00,2528.00
421,0032.00,1085.00
421,0034.00,4560.00
421,0035.00,2002.00
421,0036.00,5178.00
421,0037.00,3806.00
421,0100.00,1911.00
421,0101.00,4834.00
421,0102.00,1860.00
421,0103.00,3398.00
421,0110.00,4177.00
421,0111.00,4829.00
421,0114.00,5893.00
421,0115.00,3176.00
421,0116.00,6820.00
421,0117.00,7380.00
421,0118.00,6605.00
421,0190.00,1894.00
421,0230.00,9889.00
421,0240.00,10179.00
421,0272.00,1450.00
421,0290.00,9949.00
421,0300.00,3228.00
421,0310.00,2221.00
421,0330.00,2625.00
421,0370.00,5008.00
421,0500.00,4128.00
421,0510.00,2841.00
421,0610.00,4061.00
421,0801.00,3801.00
421,0802.00,2647.00
421,0810.00,4140.00
421,0811.00,6290.00
421,0812.00,4333.00
421,0850.00,8766.00
421,0040.01,4339.00
421,0040.02,6383.00
421,0041.01,5342.00
421,0041.02,3627.00
421,0041.03,974.00
421,0160.01,5550.00
421,0160.02,4562.00
421,0260.01,2897.00
421,0260.02,3692.00
421,0260.03,4585.00
421,0270.01,4302.00
421,0270.02,6293.00
421,0271.01,4078.00
421,0271.02,3913.00
421,0273.01,4618.00
421,0273.02,3001.00
421,0280.01,4156.00
421,0280.02,5195.00
421,0280.03,4884.00
421,0311.01,6018.00
421,0311.02,3119.00
421,0320.01,7384.00
421,0320.02,5266.00
421,0320.03,3760.00
421,0039.01,7218.00
421,0200.00,4842.00
421,0520.00,3214.00
421,0039.02,4635.00
421,0530.00,3579.00
421,0540.00,6892.00
421,0700.00,2067.00
421,0825.00,6851.00
421,0033.01,3555.00
421,0033.02,3563.00
421,0038.01,3094.00
421,0038.02,2633.00
421,0112.01,3836.00
421,0112.02,4001.00
421,0113.01,5349.00
421,0113.02,6160.00
421,0140.01,6072.00
421,0140.02,4207.00
421,0140.03,5616.00
421,0160.03,4217.00
421,0320.04,3727.00
421,0041.04,6392.00
421,0041.05,4643.00
421,0119.01,8784.00
421,0119.02,5627.00
421,0120.01,3589.00
421,0120.02,6260.00
421,0170.01,12369.00
421,0170.02,7845.00
421,0220.01,5555.00
421,0220.02,5086.00
421,0320.05,3276.00
421,0600.01,6395.00
421,0600.02,8376.00
421,0830.01,4997.00
421,0830.02,4830.00
421,0840.01,5839.00
421,0840.02,4822.00
421,0845.01,7069.00
421,0845.02,5728.00
421,0846.01,7643.00
421,0846.02,5543.00
421,0605.00,5432.00
421,0120.03,4221.00
421,0835.01,6686.00
421,0835.02,8164.00
421,0835.03,4734.00
421,0820.01,4422.00
421,0820.02,4908.00
421,0800.01,5361.00
421,0800.02,5360.00
421,0041.07,3300.00
421,0360.01,6555.00
421,0360.02,5453.00
421,0273.04,4810.00
421,0273.03,3652.00
421,0320.06,7942.00
421,0340.01,2090.00
421,0340.02,4836.00
421,0340.03,5444.00
421,0210.01,4160.00
421,0210.02,4748.00
421,0041.06,3410.00
830,0000.00,60075.00
830,0001.00,3885.00
830,0002.00,2701.00
830,0003.00,3778.00
830,0004.00,2564.00
830,0005.00,2712.00
830,0006.00,4261.00
830,0007.00,3548.00
830,0008.00,5744.00
830,0009.00,4123.00
830,0010.00,4147.00
830,0011.00,2957.00
830,0012.00,4094.00
830,0013.00,3925.00
830,0014.00,2061.00
830,0015.00,4080.00
830,0016.00,5495.00
705,0000.00,193652.00
705,0003.00,5013.00
705,0004.00,1766.00
705,0005.00,4465.00
705,0006.00,6756.00
705,0007.00,1748.00
705,0010.00,2581.00
705,0011.00,3568.00
705,0012.00,5360.00
705,0013.00,464.00
705,0014.00,1780.00
705,0015.00,2179.00
705,0016.00,6388.00
705,0017.00,1951.00
705,0018.00,6010.00
705,0019.00,4500.00
705,0020.00,3071.00
705,0021.00,2469.00
705,0024.00,2924.00
705,0026.00,3739.00
705,0027.00,3546.00
705,0001.01,3346.00
705,0001.02,3847.00
705,0025.01,3726.00
705,0025.02,3151.00
705,0002.01,4271.00
705,0002.02,6295.00
705,0008.01,5617.00
705,0008.02,3118.00
705,0009.01,3936.00
705,0009.02,4089.00
705,0023.01,3440.00
705,0023.02,4298.00
705,0028.01,3313.00
705,0028.02,4207.00
705,0022.01,1965.00
705,0022.02,5171.00
705,0028.03,5041.00
705,0100.01,4412.00
705,0100.02,1957.00
705,0100.03,6664.00
705,0100.04,1403.00
705,0100.05,2627.00
705,0100.06,7981.00
705,0100.07,6815.00
705,0101.00,6442.00
705,0102.00,4284.00
705,0103.00,1134.00
705,0100.09,6016.00
705,0100.08,4808.00
310,0000.00,125705.00
310,0003.00,1914.00
310,0004.00,2738.00
310,0006.00,491.00
310,0007.00,1434.00
310,0008.00,1739.00
310,0009.00,2356.00
310,0010.00,2245.00
310,0011.00,774.00
310,0012.00,1222.00
310,0013.00,2041.00
310,0014.00,2754.00
310,0015.00,1343.00
310,0016.00,1790.00
310,0017.00,1347.00
310,0018.00,73.00
310,0019.00,321.00
310,0020.00,1678.00
310,0021.00,1513.00
310,0022.00,2479.00
310,0023.00,2287.00
310,0024.00,2464.00
310,0026.00,3867.00
310,0028.00,2151.00
310,0029.00,5864.00
310,0100.00,8470.00
310,0001.01,3306.00
310,0001.02,3516.00
310,0002.01,3472.00
310,0002.02,2233.00
310,0025.01,4366.00
310,0025.02,3167.00
310,0027.01,2626.00
310,0027.02,2902.00
310,0130.02,3823.00
310,0130.01,6716.00
310,0101.00,875.00
310,0111.00,2873.00
310,0112.00,1175.00
310,0131.00,3060.00
310,0120.01,7203.00
310,0120.02,5960.00
310,0110.01,4271.00
310,0110.02,7936.00
310,0102.00,849.00
459,0000.00,76461.00
459,0200.00,2680.00
459,0201.00,4132.00
459,0202.00,5256.00
459,0203.00,1975.00
459,0204.00,728.00
459,0205.00,1707.00
459,0206.00,1050.00
459,0207.00,843.00
459,0100.00,1631.00
459,0102.00,1154.00
459,0103.00,1757.00
459,0400.00,3121.00
459,0401.00,2523.00
459,0300.00,2680.00
459,0301.00,2989.00
459,0302.00,2778.00
459,0304.00,1188.00
459,0001.00,5540.00
459,0002.00,352.00
459,0003.00,161.00
459,0004.00,3066.00
459,0005.00,3687.00
459,0007.00,1371.00
459,0008.00,2113.00
459,0009.00,3657.00
459,0011.00,2146.00
459,0012.00,1573.00
459,0013.00,4295.00
459,0014.00,3587.00
459,0015.00,4881.00
459,0101.00,932.00
459,0402.00,902.00
562,0000.00,86480.00
562,0002.00,2968.00
562,0003.00,5099.00
562,0004.00,3488.00
562,0005.00,3029.00
562,0006.00,3732.00
562,0007.00,2049.00
562,0008.00,3427.00
562,0009.00,5762.00
562,0010.00,3845.00
562,0011.00,3424.00
562,0012.00,3180.00
562,0013.00,4808.00
562,0100.00,2257.00
562,0001.00,814.00
562,0101.01,4466.00
562,0101.02,2379.00
562,0101.03,4579.00
562,0102.01,2548.00
562,0102.02,4407.00
562,0102.03,7143.00
562,0102.04,2389.00
562,0110.01,6298.00
562,0110.02,1776.00
562,0110.03,2613.00
725,0000.00,219056.00
725,0001.00,6276.00
725,0003.00,4645.00
725,0004.00,4927.00
725,0005.00,6677.00
725,0007.00,1821.00
725,0008.00,2482.00
725,0009.00,4428.00
725,0010.00,5831.00
725,0014.00,4329.00
725,0015.00,4713.00
725,0016.00,1857.00
725,0017.00,3985.00
725,0019.00,3660.00
725,0020.00,4861.00
725,0022.00,51.00
725,0002.01,3064.00
725,0002.02,4679.00
725,0011.01,3315.00
725,0011.02,3167.00
725,0011.03,3057.00
725,0006.01,5200.00
725,0006.02,4291.00
725,0006.03,5605.00
725,0012.01,5655.00
725,0012.02,4808.00
725,0012.03,3962.00
725,0018.01,4276.00
725,0018.02,4550.00
725,0018.03,6433.00
725,0018.04,4915.00
725,0021.01,4009.00
725,0021.02,5537.00
725,0021.03,5527.00
725,0006.04,4760.00
725,0012.04,8009.00
725,0013.01,4334.00
725,0013.02,6217.00
725,0021.04,5164.00
725,0100.00,3315.00
725,0101.00,4792.00
725,0102.00,8553.00
725,0103.00,2434.00
725,0104.00,1374.00
725,0105.00,4112.00
725,0018.05,3250.00
725,0013.03,4451.00
725,0013.04,1256.00
725,0012.05,7076.00
725,0021.05,6537.00
725,0110.00,829.00
590,0000.00,83619.00
590,0002.00,2221.00
590,0003.00,4615.00
590,0004.00,4646.00
590,0005.00,2909.00
590,0006.00,2957.00
590,0007.00,2545.00
590,0008.00,1393.00
590,0009.00,3261.00
590,0010.00,4260.00
590,0011.00,5690.00
590,0012.00,2805.00
590,0013.00,2858.00
590,0014.00,3025.00
590,0015.00,6379.00
590,0016.00,7202.00
590,0017.00,7362.00
590,0018.01,3084.00
590,0018.02,4953.00
590,0101.00,2594.00
590,0102.00,971.00
590,0001.01,5235.00
590,0001.02,2654.00
433,0000.00,147384.00
433,0001.00,5084.00
433,0002.00,1637.00
433,0003.00,3905.00
433,0004.00,4513.00
433,0005.00,2152.00
433,0007.00,2545.00
433,0009.00,7176.00
433,0010.00,3416.00
433,0011.00,1940.00
433,0012.00,1876.00
433,0013.00,1921.00
433,0014.00,3211.00
433,0016.00,4290.00
433,0017.00,2656.00
433,0018.00,5762.00
433,0019.00,10011.00
433,0100.00,4036.00
433,0006.00,2981.00
433,0008.00,3221.00
433,0015.01,3269.00
433,0015.02,5220.00
433,0110.01,7260.00
433,0110.02,10047.00
433,0111.01,3333.00
433,0111.02,7226.00
433,0111.03,8241.00
433,0111.04,8021.00
433,0112.00,4689.00
433,0113.00,6148.00
433,0200.00,1535.00
433,0300.00,7872.00
433,0201.00,2190.00
539,0000.00,372406.00
539,0001.00,4582.00
539,0002.00,6698.00
539,0003.00,9550.00
539,0004.00,7673.00
539,0005.00,3170.00
539,0006.00,2002.00
539,0008.00,2464.00
539,0009.00,6222.00
539,0010.00,3863.00
539,0011.00,7294.00
539,0015.00,649.00
539,0019.00,1266.00
539,0020.00,721.00
539,0200.00,2281.00
539,0201.00,4887.00
539,0202.00,423.00
539,0204.00,6696.00
539,0205.00,1915.00
539,0206.00,5172.00
539,0207.00,5669.00
539,0208.00,6358.00
539,0210.00,1274.00
539,0211.00,4541.00
539,0212.00,1950.00
539,0213.00,3014.00
539,0214.00,4753.00
539,0215.00,4386.00
539,0300.00,1225.00
539,0301.00,4778.00
539,0302.00,3534.00
539,0303.00,1382.00
539,0304.00,3937.00
539,0305.00,2162.00
539,0306.00,2121.00
539,0307.00,4838.00
539,0308.00,1722.00
539,0309.00,2644.00
539,0014.01,3854.00
539,0014.02,5398.00
539,0100.00,2917.00
539,0101.00,6237.00
539,0102.00,8729.00
539,0110.00,3509.00
539,0111.00,5595.00
539,0112.00,4134.00
539,0220.00,9097.00
539,0221.00,5246.00
539,0320.00,3688.00
539,0321.00,4793.00
539,0322.00,3365.00
539,0323.00,3080.00
539,0324.00,3525.00
539,0230.00,6253.00
539,0007.01,4503.00
539,0007.02,5363.00
539,0012.01,4772.00
539,0012.02,6135.00
539,0013.01,4624.00
539,0013.02,4759.00
539,0014.03,3210.00
539,0016.01,5071.00
539,0016.02,4632.00
539,0017.01,3869.00
539,0017.02,4888.00
539,0018.01,4821.00
539,0018.02,4801.00
539,0018.03,4072.00
539,0203.01,5634.00
539,0203.02,3820.00
539,0209.01,7495.00
539,0209.02,6649.00
539,0310.01,2883.00
539,0310.02,4803.00
539,0311.01,7860.00
539,0311.02,4522.00
539,0240.00,6578.00
539,0241.00,2972.00
539,0242.00,9251.00
539,0330.00,4545.00
539,0331.00,7271.00
539,0332.00,4220.00
539,0333.00,2850.00
539,0334.00,8297.00
001,0000.00,174051.00
001,0002.00,5441.00
001,0006.00,3915.00
001,0007.00,2757.00
001,0008.00,1760.00
001,0009.00,614.00
001,0010.00,1681.00
001,0011.00,3044.00
001,0012.00,2953.00
001,0013.00,2108.00
001,0014.00,3459.00
001,0001.00,2336.00
001,0004.00,6251.00
001,0005.01,3020.00
001,0005.02,3775.00
001,0015.01,5588.00
001,0015.02,4203.00
001,0016.00,6401.00
001,0171.00,3827.00
001,0201.00,2768.00
001,0202.00,9617.00
001,0300.00,6290.00
001,0302.00,3519.00
001,0015.03,5348.00
001,0100.01,5107.00
001,0100.02,7637.00
001,0200.01,2535.00
001,0200.02,6105.00
001,0301.01,5341.00
001,0301.02,4115.00
001,0017.00,745.00
001,0003.01,4623.00
001,0003.02,5503.00
001,0015.04,5288.00
001,0172.01,7972.00
001,0172.02,7431.00
001,0172.03,2656.00
001,0172.04,3728.00
001,0200.03,3360.00
001,0170.01,3778.00
001,0170.02,5271.00
001,0110.00,2181.00
580,0000.00,160488.00
580,0002.00,4863.00
580,0003.00,4069.00
580,0004.00,5317.00
580,0005.00,2430.00
580,0006.00,4297.00
580,0007.00,6178.00
580,0008.00,4532.00
580,0009.00,6785.00
580,0010.00,3158.00
580,0011.00,2483.00
580,0012.00,2509.00
580,0014.00,3559.00
580,0015.00,3981.00
580,0100.00,2304.00
580,0110.00,2639.00
580,0130.00,3085.00
580,0131.00,3870.00
580,0132.00,3726.00
580,0160.00,4122.00
580,0162.00,4125.00
580,0101.00,6152.00
580,0102.00,4561.00
580,0190.00,3489.00
580,0191.00,6212.00
580,0192.00,5984.00
580,0193.00,7852.00
580,0001.01,6667.00
580,0001.02,2967.00
580,0001.03,2930.00
580,0016.01,2205.00
580,0016.02,4742.00
580,0017.01,4538.00
580,0017.02,3679.00
580,0161.01,4184.00
580,0161.02,3486.00
580,0001.04,7531.00
580,0140.00,5277.00
595,0000.00,125562.00
595,0001.00,1859.00
595,0002.00,3840.00
595,0003.00,5582.00
595,0004.00,4119.00
595,0005.00,4956.00
595,0006.00,1037.00
595,0007.00,5410.00
595,0008.00,4824.00
595,0012.00,3478.00
595,0013.00,3527.00
595,0014.00,3790.00
595,0015.00,2885.00
595,0016.00,3888.00
595,0017.00,3484.00
595,0018.00,5318.00
595,0019.00,3309.00
595,0020.00,847.00
595,0021.00,5284.00
595,0023.00,8661.00
595,0101.00,2346.00
595,0009.01,3466.00
595,0009.02,5952.00
595,0010.01,1407.00
595,0010.02,3539.00
595,0011.01,1340.00
595,0011.02,4440.00
595,0011.03,2370.00
595,0022.01,8065.00
595,0022.02,6985.00
595,0100.01,4878.00
595,0100.02,4676.00
535,0000.00,4263757.00
535,0001.00,695.00
535,0002.00,563.00
535,0004.00,6940.00
535,0005.00,5374.00
535,0006.00,247.00
535,0008.00,1303.00
535,0009.00,298.00
535,0010.00,6891.00
535,0011.00,945.00
535,0012.00,2174.00
535,0013.00,5299.00
535,0014.00,453.00
535,0015.00,1877.00
535,0016.00,1465.00
535,0017.00,5207.00
535,0018.00,1925.00
535,0019.00,3417.00
535,0021.00,5248.00
535,0022.00,3805.00
535,0023.00,3292.00
535,0024.00,6688.00
535,0025.00,3249.00
535,0026.00,7174.00
535,0027.00,5065.00
535,0028.00,5529.00
535,0029.00,6616.00
535,0030.00,4183.00
535,0031.00,6492.00
535,0032.00,5078.00
535,0033.00,5157.00
535,0034.00,6637.00
535,0035.00,4013.00
535,0036.00,4194.00
535,0037.00,4547.00
535,0038.00,3420.00
535,0039.00,4418.00
535,0040.00,5119.00
535,0041.00,3635.00
535,0042.00,5393.00
535,0043.00,4387.00
535,0044.00,5785.00
535,0045.00,4048.00
535,0046.00,4061.00
535,0047.00,8021.00
535,0048.00,3706.00
535,0049.00,3534.00
535,0051.00,5364.00
535,0052.00,3834.00
535,0053.00,6056.00
535,0054.00,6492.00
535,0055.00,3035.00
535,0056.00,5483.00
535,0057.00,2485.00
535,0058.00,4375.00
535,0059.00,3654.00
535,0060.00,2253.00
535,0062.00,8285.00
535,0064.00,2140.00
535,0065.00,15358.00
535,0066.00,6972.00
535,0067.00,1672.00
535,0068.00,2446.00
535,0069.00,5812.00
535,0070.00,3394.00
535,0071.00,3376.00
535,0072.00,8258.00
535,0073.00,2858.00
535,0074.00,4388.00
535,0075.00,4313.00
535,0076.00,4297.00
535,0077.00,4416.00
535,0078.00,6169.00
535,0079.00,5636.00
535,0080.00,7782.00
535,0081.00,3166.00
535,0082.00,2749.00
535,0083.00,3899.00
535,0084.00,3796.00
535,0085.00,3975.00
535,0086.00,2779.00
535,0087.00,4614.00
535,0088.00,1948.00
535,0089.00,1530.00
535,0090.00,3245.00
535,0092.00,7049.00
535,0093.00,5808.00
535,0094.00,5619.00
535,0095.00,3713.00
535,0096.00,5698.00
535,0098.00,6655.00
535,0099.00,6060.00
535,0100.00,1812.00
535,0101.00,3266.00
535,0102.00,9096.00
535,0103.00,5652.00
535,0104.00,5241.00
535,0105.00,4961.00
535,0106.00,1987.00
535,0107.00,4972.00
535,0108.00,6869.00
535,0109.00,3881.00
535,0110.00,4558.00
535,0111.00,2815.00
535,0112.00,5867.00
535,0113.00,2935.00
535,0114.00,5530.00
535,0115.00,4682.00
535,0116.00,4119.00
535,0117.00,1840.00
535,0118.00,2836.00
535,0119.00,4359.00
535,0120.00,1327.00
535,0121.00,1743.00
535,0122.00,4921.00
535,0123.00,2204.00
535,0124.00,4578.00
535,0125.00,4493.00
535,0126.00,3795.00
535,0127.00,4711.00
535,0129.00,4825.00
535,0130.00,3643.00
535,0131.00,5348.00
535,0132.00,5278.00
535,0133.00,6526.00
535,0134.00,2743.00
535,0135.00,5293.00
535,0136.00,8425.00
535,0137.00,6000.00
535,0138.00,2990.00
535,0139.00,6156.00
535,0140.00,2485.00
535,0142.00,5155.00
535,0150.00,3886.00
535,0151.00,3885.00
535,0152.00,4538.00
535,0153.00,4677.00
535,0154.00,6013.00
535,0155.00,3569.00
535,0157.00,2832.00
535,0158.00,2292.00
535,0159.00,8485.00
535,0160.00,3370.00
535,0161.00,7270.00
535,0162.00,5668.00
535,0163.00,5052.00
535,0164.00,6971.00
535,0165.00,4471.00
535,0166.00,4090.00
535,0168.00,5689.00
535,0170.00,3472.00
535,0171.00,4368.00
535,0172.00,2699.00
535,0173.00,3642.00
535,0174.00,5279.00
535,0176.00,4440.00
535,0180.00,6524.00
535,0182.00,5525.00
535,0183.00,6737.00
535,0186.00,1895.00
535,0187.00,3072.00
535,0188.00,2001.00
535,0189.00,6012.00
535,0191.00,4218.00
535,0192.00,640.00
535,0193.00,2727.00
535,0194.00,14065.00
535,0195.00,5583.00
535,0196.00,7184.00
535,0200.00,7052.00
535,0201.00,3837.00
535,0202.00,1666.00
535,0203.00,3290.00
535,0204.00,4931.00
535,0205.00,164.00
535,0207.00,2618.00
535,0208.00,3746.00
535,0209.00,2867.00
535,0210.00,3185.00
535,0211.00,6595.00
535,0212.00,5448.00
535,0213.00,3659.00
535,0214.00,2828.00
535,0215.00,5667.00
535,0216.00,4905.00
535,0217.00,6290.00
535,0218.00,2269.00
535,0219.00,3911.00
535,0220.00,3951.00
535,0223.00,3557.00
535,0224.00,1565.00
535,0225.00,10204.00
535,0226.00,2671.00
535,0227.00,1768.00
535,0228.00,2089.00
535,0229.00,1104.00
535,0231.00,6767.00
535,0232.00,3885.00
535,0233.00,5096.00
535,0234.00,4316.00
535,0239.00,6733.00
535,0241.00,2761.00
535,0242.00,1734.00
535,0245.00,7025.00
535,0246.00,3611.00
535,0247.00,10810.00
535,0261.00,4739.00
535,0264.00,1418.00
535,0265.00,3427.00
535,0266.00,3011.00
535,0267.00,6428.00
535,0268.00,6003.00
535,0269.00,7832.00
535,0275.00,5010.00
535,0277.00,4040.00
535,0278.00,6723.00
535,0280.00,7494.00
535,0281.00,8316.00
535,0282.00,3484.00
535,0284.00,6881.00
535,0285.00,3411.00
535,0286.00,3365.00
535,0288.00,7487.00
535,0289.00,4649.00
535,0290.00,3911.00
535,0292.00,6362.00
535,0293.00,4592.00
535,0295.00,5331.00
535,0296.00,493.00
535,0298.00,4027.00
535,0299.00,7438.00
535,0300.00,2758.00
535,0303.00,5591.00
535,0305.00,9256.00
535,0306.00,7920.00
535,0307.00,10196.00
535,0309.00,5887.00
535,0313.00,5575.00
535,0318.00,5801.00
535,0319.00,3856.00
535,0321.00,7938.00
535,0322.00,5607.00
535,0330.00,4607.00
535,0332.00,7043.00
535,0333.00,4135.00
535,0334.00,3511.00
535,0335.00,6378.00
535,0336.00,6544.00
535,0337.00,3085.00
535,0338.00,5922.00
535,0339.00,6633.00
535,0340.00,5663.00
535,0342.00,3768.00
535,0343.00,4142.00
535,0344.00,8604.00
535,0345.00,3500.00
535,0347.00,1048.00
535,0348.00,4144.00
535,0349.00,5734.00
535,0350.00,5282.00
535,0351.00,7608.00
535,0352.00,4477.00
535,0354.00,5008.00
535,0356.00,4660.00
535,0359.00,7350.00
535,0360.00,5293.00
535,0365.00,6043.00
535,0366.00,5933.00
535,0368.00,4341.00
535,0369.00,6816.00
535,0371.00,6927.00
535,0372.00,4032.00
535,0373.00,4789.00
535,0403.00,7819.00
535,0440.00,3836.00
535,0503.00,5534.00
535,0504.00,3425.00
535,0506.00,2576.00
535,0507.00,3650.00
535,0508.00,3501.00
535,0510.00,5774.00
535,0512.00,5805.00
535,0514.00,8504.00
535,0517.00,1826.00
535,0518.00,4825.00
535,0519.00,4043.00
535,0522.00,6429.00
535,0523.00,5910.00
535,0530.00,8616.00
535,0560.00,6661.00
535,0561.00,5293.00
535,0574.00,5086.00
535,0601.00,4008.00
535,0602.00,4448.00
535,0603.00,4814.00
535,0604.00,2361.00
535,0605.00,2107.00
535,0606.00,5675.00
535,0607.00,3152.00
535,0608.00,2759.00
535,0609.00,2616.00
535,0611.00,5338.00
535,0614.00,8092.00
535,0615.00,554.00
535,0802.00,7922.00
535,0806.00,2327.00
535,0807.00,2741.00
535,0811.00,2878.00
535,0812.00,6146.00
535,0820.00,11851.00
535,0237.01,6758.00
535,0237.02,2929.00
535,0237.03,5434.00
535,0249.01,5039.00
535,0249.02,8544.00
535,0260.01,6843.00
535,0260.02,7864.00
535,0301.01,2957.00
535,0301.02,8221.00
535,0304.01,4555.00
535,0304.02,3936.00
535,0304.03,3422.00
535,0304.04,3296.00
535,0311.01,10174.00
535,0311.02,6124.00
535,0311.03,2763.00
535,0311.04,7391.00
535,0312.01,7544.00
535,0312.02,4209.00
535,0312.03,6918.00
535,0315.01,3504.00
535,0315.02,3491.00
535,0316.01,4386.00
535,0316.02,8890.00
535,0324.01,3954.00
535,0324.02,6792.00
535,0324.03,3722.00
535,0375.01,6096.00
535,0375.02,1732.00
535,0375.03,5174.00
535,0376.01,5347.00
535,0376.02,5503.00
535,0400.01,1634.00
535,0400.02,6862.00
535,0402.01,2830.00
535,0402.02,3186.00
535,0402.03,3122.00
535,0413.00,3673.00
535,0422.01,5157.00
535,0422.02,5333.00
535,0586.00,6434.00
535,0455.00,5486.00
535,0050.01,5786.00
535,0050.02,5161.00
535,0097.01,4880.00
535,0097.02,5409.00
535,0128.01,6738.00
535,0128.02,5243.00
535,0156.01,6386.00
535,0156.02,3082.00
535,0169.01,3580.00
535,0169.02,6645.00
535,0175.01,4815.00
535,0175.02,6533.00
535,0184.01,4824.00
535,0184.02,3849.00
535,0185.01,7133.00
535,0185.02,4675.00
535,0190.01,8314.00
535,0190.02,4600.00
535,0221.01,6207.00
535,0221.02,4133.00
535,0222.01,5150.00
535,0222.02,5037.00
535,0230.01,1848.00
535,0230.02,5584.00
535,0235.01,2677.00
535,0235.02,5630.00
535,0236.01,6449.00
535,0236.02,6140.00
535,0238.01,3262.00
535,0238.02,5448.00
535,0240.01,3245.00
535,0240.02,5576.00
535,0243.01,6945.00
535,0243.02,3541.00
535,0248.01,10171.00
535,0248.02,6039.00
535,0250.01,5058.00
535,0250.02,5146.00
535,0260.03,6393.00
535,0262.01,4473.00
535,0262.02,6218.00
535,0270.01,4841.00
535,0270.02,4022.00
535,0273.01,4130.00
535,0273.02,4472.00
535,0276.01,5636.00
535,0276.02,5424.00
535,0279.01,4098.00
535,0279.02,7214.00
535,0283.01,5636.00
535,0283.02,4769.00
535,0287.01,6032.00
535,0287.02,6188.00
535,0294.01,4593.00
535,0294.02,4641.00
535,0297.01,5157.00
535,0297.02,5566.00
535,0302.01,6757.00
535,0302.02,6666.00
535,0304.05,2927.00
535,0304.06,5980.00
535,0308.01,5480.00
535,0308.02,4072.00
535,0312.04,6849.00
535,0317.01,8091.00
535,0317.02,6931.00
535,0320.01,4621.00
535,0320.02,5375.00
535,0323.01,3688.00
535,0323.02,5892.00
535,0324.04,7671.00
535,0331.01,5674.00
535,0331.02,8790.00
535,0341.01,8785.00
535,0341.02,3977.00
535,0346.01,4877.00
535,0346.02,5582.00
535,0353.01,7559.00
535,0353.02,4818.00
535,0355.01,8818.00
535,0355.02,5574.00
535,0357.01,6355.00
535,0357.02,5337.00
535,0358.01,3540.00
535,0358.02,4308.00
535,0358.03,5165.00
535,0363.01,8116.00
535,0363.02,3383.00
535,0363.03,6949.00
535,0364.01,6009.00
535,0364.02,2980.00
535,0367.01,4703.00
535,0367.02,3523.00
535,0370.01,6950.00
535,0370.02,4384.00
535,0370.03,3880.00
535,0374.01,4087.00
535,0374.02,3466.00
535,0374.03,4209.00
535,0375.04,5666.00
535,0375.05,6375.00
535,0376.03,8577.00
535,0377.01,6127.00
535,0377.02,4557.00
535,0377.03,2795.00
535,0378.01,6889.00
535,0378.02,3246.00
535,0378.03,5715.00
535,0400.03,3062.00
535,0401.01,6313.00
535,0401.02,10140.00
535,0402.04,5568.00
535,0402.05,2206.00
535,0402.06,6270.00
535,0402.07,2399.00
535,0402.08,7243.00
535,0412.01,5535.00
535,0412.02,5616.00
535,0421.01,6735.00
535,0421.02,7642.00
535,0423.01,3879.00
535,0423.02,6761.00
535,0442.01,4334.00
535,0442.02,4288.00
535,0451.01,2503.00
535,0451.02,5420.00
535,0452.01,3806.00
535,0452.02,5613.00
535,0456.01,4470.00
535,0456.02,5273.00
535,0500.01,3771.00
535,0500.02,5148.00
535,0501.01,5927.00
535,0501.02,6645.00
535,0502.01,6203.00
535,0502.02,2823.00
535,0505.01,4753.00
535,0505.02,4168.00
535,0509.01,3974.00
535,0509.02,3058.00
535,0511.01,6058.00
535,0511.02,5398.00
535,0513.01,6951.00
535,0513.02,6638.00
535,0513.03,3691.00
535,0516.01,6115.00
535,0516.02,5278.00
535,0516.03,6174.00
535,0516.04,5902.00
535,0516.05,7014.00
535,0516.06,5096.00
535,0516.07,7852.00
535,0516.08,6553.00
535,0516.09,7456.00
535,0520.01,5576.00
535,0520.02,5487.00
535,0521.01,5116.00
535,0521.02,3909.00
535,0521.03,5539.00
535,0521.04,7027.00
535,0521.05,3947.00
535,0524.01,4485.00
535,0524.02,3775.00
535,0525.01,3956.00
535,0525.02,4249.00
535,0526.01,6493.00
535,0526.02,3089.00
535,0527.01,4250.00
535,0527.02,5835.00
535,0529.01,3908.00
535,0529.02,4732.00
535,0531.01,4032.00
535,0531.02,7146.00
535,0532.01,4606.00
535,0532.02,5178.00
535,0540.01,5485.00
535,0540.02,4564.00
535,0550.01,4864.00
535,0550.02,6889.00
535,0562.01,7423.00
535,0562.02,7193.00
535,0562.03,5755.00
535,0562.04,5133.00
535,0562.05,5807.00
535,0562.06,2891.00
535,0562.07,5063.00
535,0562.08,4841.00
535,0562.09,4470.00
535,0563.01,6600.00
535,0563.02,3179.00
535,0570.01,3210.00
535,0570.02,3757.00
535,0571.01,3704.00
535,0571.02,4216.00
535,0573.01,10051.00
535,0573.02,6612.00
535,0575.01,6824.00
535,0575.02,4655.00
535,0575.03,7164.00
535,0575.04,7005.00
535,0576.01,2344.00
535,0576.02,9092.00
535,0576.03,14763.00
535,0585.01,7642.00
535,0585.02,3612.00
535,0585.03,3789.00
535,0800.01,2454.00
535,0800.02,5155.00
535,0801.01,4166.00
535,0801.02,5854.00
535,0804.01,6844.00
535,0804.02,7395.00
535,0810.01,4022.00
535,0810.02,2666.00
535,0810.03,3689.00
535,0810.04,6457.00
535,0007.01,3690.00
535,0007.02,5685.00
535,0063.01,6597.00
535,0063.02,5118.00
535,0091.01,5743.00
535,0091.02,3402.00
535,0141.01,3880.00
535,0141.02,4358.00
535,0181.01,4590.00
535,0181.02,3654.00
535,0206.01,4263.00
535,0206.02,5819.00
535,0244.01,3848.00
535,0244.02,6421.00
535,0250.03,13438.00
535,0263.01,7884.00
535,0263.02,2234.00
535,0271.01,2451.00
535,0271.02,4338.00
535,0272.01,5961.00
535,0272.02,5057.00
535,0274.01,4904.00
535,0274.02,3099.00
535,0291.01,3851.00
535,0291.02,5067.00
535,0302.03,3839.00
535,0310.01,3065.00
535,0310.02,4956.00
535,0312.05,4615.00
535,0314.01,5649.00
535,0314.02,4423.00
535,0315.03,5002.00
535,0316.03,6363.00
535,0316.04,5068.00
535,0317.03,4111.00
535,0361.01,5828.00
535,0361.02,4556.00
535,0362.01,6045.00
535,0362.02,4759.00
535,0362.03,7207.00
535,0376.07,5389.00
535,0376.05,4601.00
535,0376.04,5552.00
535,0377.04,6311.00
535,0377.05,8117.00
535,0400.04,2036.00
535,0400.05,5085.00
535,0400.08,2790.00
535,0400.06,3395.00
535,0400.07,3708.00
535,0401.03,6013.00
535,0401.04,3764.00
535,0401.06,5523.00
535,0401.07,4393.00
535,0401.08,3692.00
535,0402.09,3735.00
535,0402.10,3430.00
535,0402.11,6356.00
535,0410.01,11889.00
535,0410.02,4733.00
535,0410.03,7160.00
535,0410.04,4346.00
535,0411.01,4978.00
535,0411.02,2296.00
535,0411.03,5618.00
535,0412.03,6093.00
535,0412.04,5240.00
535,0421.03,7528.00
535,0430.01,6436.00
535,0430.02,3651.00
535,0431.01,3839.00
535,0431.02,5909.00
535,0441.01,12033.00
535,0441.02,4709.00
535,0450.01,10068.00
535,0450.02,3185.00
535,0451.03,7323.00
535,0452.03,6204.00
535,0452.04,6233.00
535,0456.03,4541.00
535,0460.01,5114.00
535,0460.02,3680.00
535,0461.01,3177.00
535,0461.02,6252.00
535,0513.04,4209.00
535,0515.01,4738.00
535,0515.02,3446.00
535,0516.10,7038.00
535,0516.11,5068.00
535,0527.03,5460.00
535,0527.04,6377.00
535,0562.10,7891.00
535,0572.01,7272.00
535,0572.02,9131.00
535,0572.03,11912.00
535,0575.05,4664.00
535,0575.06,4548.00
535,0576.04,5140.00
535,0576.05,7046.00
535,0585.04,8503.00
535,0610.01,7642.00
535,0610.02,4246.00
535,0612.01,58.00
535,0612.02,2324.00
535,0613.01,4642.00
535,0613.02,9057.00
535,0804.03,7554.00
535,0804.04,10760.00
535,0378.06,5504.00
535,0378.08,6705.00
535,0378.09,8432.00
535,0378.10,7470.00
535,0378.07,7224.00
535,0378.04,5197.00
535,0378.05,4572.00
535,0470.00,2726.00
535,0471.00,3578.00
535,0472.00,4041.00
535,0473.00,13027.00
535,0474.00,3458.00
535,0475.00,5978.00
535,0476.00,2170.00
535,0480.00,7831.00
535,0481.00,7168.00
535,0482.00,5214.00
535,0483.00,7092.00
535,0484.00,7126.00
535,0590.00,5322.00
535,0591.00,5390.00
535,0592.00,10786.00
535,0830.00,4116.00
535,0831.00,8021.00
535,0832.00,3745.00
535,0620.00,3212.00
535,0621.00,6235.00
535,0622.00,6545.00
535,0623.00,3497.00
535,0624.00,6172.00
535,0625.00,712.00
535,0626.00,5731.00
535,0630.00,3541.00
535,0631.00,4685.00
535,0632.00,4243.00
535,0633.00,2558.00
535,0634.00,5584.00
535,0635.00,4545.00
535,0636.00,2970.00
535,0637.00,6334.00
535,0638.00,5153.00
535,0639.00,2777.00
535,0600.01,6783.00
535,0600.02,7465.00
535,0612.03,5966.00
535,0612.04,8513.00
535,0612.05,5830.00
535,0612.06,8535.00
535,0612.07,4110.00
535,0612.08,3022.00
535,0612.09,4217.00
535,0612.10,71.00
535,0362.04,4668.00
535,0376.08,6726.00
535,0376.09,5188.00
535,0376.10,7893.00
535,0249.03,5475.00
535,0420.01,13696.00
535,0420.02,7993.00
535,0420.03,6409.00
535,0420.04,9218.00
535,0411.04,5773.00
535,0411.05,5004.00
535,0451.04,6770.00
535,0248.03,2889.00
535,0412.05,6325.00
535,0412.06,4354.00
535,0412.07,6237.00
535,0412.08,3241.00
535,0412.09,8138.00
535,0424.01,12991.00
535,0424.02,2184.00
535,0424.03,6199.00
535,0401.11,5811.00
535,0401.12,4861.00
535,0401.13,6111.00
535,0401.09,5432.00
535,0401.10,4711.00
535,0400.09,6226.00
535,0400.10,7107.00
535,0400.11,3097.00
535,0400.12,7449.00
535,0167.01,2826.00
535,0167.02,6009.00
535,0410.07,4157.00
535,0410.08,8941.00
535,0410.06,7869.00
535,0442.03,5657.00
535,0378.11,4634.00
535,0378.13,10553.00
535,0378.12,5733.00
535,0378.15,9396.00
535,0378.14,4130.00
535,0410.05,5333.00
535,0527.05,5634.00
535,0527.06,4681.00
535,0527.07,5578.00
535,0527.08,5003.00
535,0527.09,3759.00
535,0521.06,4953.00
535,0520.03,9656.00
535,0520.04,5633.00
535,0516.13,16005.00
535,0516.14,4215.00
535,0516.15,10915.00
535,0516.16,4991.00
535,0516.12,20663.00
535,0528.01,4334.00
535,0528.02,5450.00
535,0528.03,9792.00
535,0528.04,5169.00
535,0528.05,9235.00
535,0528.06,19613.00
535,0528.07,9475.00
535,0528.08,14557.00
535,0528.09,25437.00
535,0573.03,6193.00
535,0562.11,3432.00
535,0564.01,2465.00
535,0564.02,5303.00
535,0587.01,5000.00
535,0587.02,4995.00
535,0576.06,6198.00
535,0576.07,4279.00
535,0805.01,11483.00
535,0805.02,5043.00
535,0805.03,7370.00
535,0803.01,8631.00
535,0803.02,7920.00
535,0804.05,5823.00
535,0810.05,4190.00
535,0485.00,8684.00
535,0593.00,6552.00
442,0000.00,139956.00
442,0001.00,2514.00
442,0002.00,3220.00
442,0003.00,3013.00
442,0004.00,4934.00
442,0005.00,1962.00
442,0006.00,2566.00
442,0007.00,2532.00
442,0008.00,2479.00
442,0009.00,1870.00
442,0010.00,3687.00
442,0011.00,2789.00
442,0013.00,9377.00
442,0200.00,5826.00
442,0201.00,3038.00
442,0202.00,2325.00
442,0203.00,3149.00
442,0204.00,5148.00
442,0210.00,6150.00
442,0102.00,6197.00
442,0205.01,6003.00
442,0205.02,3623.00
442,0211.00,7327.00
442,0012.01,2619.00
442,0012.02,4857.00
442,0212.00,2295.00
442,0213.00,1608.00
442,0300.00,6206.00
442,0301.00,111.00
442,0302.00,5319.00
442,0100.01,6043.00
442,0100.02,3820.00
442,0101.01,8469.00
442,0101.02,4554.00
442,0205.03,4326.00
933,0000.00,1831665.00
933,0003.00,7570.00
933,0004.00,8774.00
933,0005.00,6553.00
933,0006.00,9328.00
933,0007.00,8559.00
933,0008.00,5454.00
933,0009.00,6463.00
933,0011.00,5737.00
933,0012.00,7061.00
933,0014.00,7387.00
933,0019.00,5175.00
933,0020.00,2544.00
933,0021.00,4222.00
933,0022.00,2694.00
933,0023.00,4435.00
933,0024.00,6051.00
933,0025.00,7219.00
933,0026.00,4843.00
933,0027.00,6841.00
933,0028.00,3224.00
933,0029.00,5691.00
933,0030.00,6606.00
933,0032.00,6987.00
933,0033.00,7166.00
933,0037.00,8770.00
933,0038.00,4628.00
933,0040.00,7847.00
933,0041.00,7787.00
933,0042.00,5713.00
933,0043.00,7963.00
933,0044.00,4921.00
933,0046.00,4793.00
933,0047.00,7631.00
933,0048.00,5873.00
933,0051.00,7344.00
933,0053.00,9073.00
933,0054.00,8199.00
933,0056.00,8710.00
933,0057.00,8103.00
933,0058.00,3412.00
933,0060.00,8350.00
933,0061.00,4731.00
933,0062.00,3281.00
933,0063.00,3585.00
933,0064.00,4034.00
933,0065.00,6417.00
933,0066.00,1513.00
933,0067.00,5340.00
933,0068.00,4733.00
933,0069.00,6833.00
933,0102.00,4805.00
933,0103.00,6362.00
933,0104.00,7237.00
933,0110.00,10136.00
933,0112.00,2592.00
933,0113.00,6898.00
933,0114.00,8002.00
933,0115.00,4921.00
933,0116.00,4816.00
933,0117.00,5716.00
933,0118.00,7012.00
933,0119.00,2055.00
933,0120.00,3801.00
933,0121.00,4331.00
933,0122.00,4156.00
933,0131.00,6929.00
933,0132.00,3841.00
933,0133.00,9187.00
933,0134.00,6563.00
933,0135.00,5623.00
933,0141.00,7442.00
933,0145.00,7240.00
933,0146.00,6117.00
933,0148.00,4640.00
933,0150.00,706.00
933,0180.00,7147.00
933,0182.00,9419.00
933,0188.00,13034.00
933,0192.00,4206.00
933,0200.00,3020.00
933,0201.00,1481.00
933,0202.00,5605.00
933,0203.00,4068.00
933,0204.00,8305.00
933,0205.00,7388.00
933,0206.00,1587.00
933,0207.00,2111.00
933,0208.00,5015.00
933,0209.00,6505.00
933,0210.00,4265.00
933,0220.00,1023.00
933,0222.00,7389.00
933,0223.00,8487.00
933,0224.00,7520.00
933,0225.00,7088.00
933,0227.00,8075.00
933,0229.00,6442.00
933,0231.00,3732.00
933,0232.00,2987.00
933,0233.00,6094.00
933,0234.00,5474.00
933,0236.00,3803.00
933,0237.00,7418.00
933,0239.00,7454.00
933,0240.00,8321.00
933,0241.00,6997.00
933,0242.00,7009.00
933,0280.00,3975.00
933,0282.00,6942.00
933,0283.00,6022.00
933,0013.01,5534.00
933,0013.02,6931.00
933,0015.01,4493.00
933,0015.02,5143.00
933,0018.01,5857.00
933,0018.02,6269.00
933,0036.01,5551.00
933,0036.02,5302.00
933,0144.01,7707.00
933,0144.02,7520.00
933,0160.01,4886.00
933,0160.02,6755.00
933,0163.01,3729.00
933,0163.02,8825.00
933,0163.03,8273.00
933,0170.01,8052.00
933,0170.02,9158.00
933,0181.01,6959.00
933,0181.02,7677.00
933,0185.01,10883.00
933,0185.02,13567.00
933,0186.01,5626.00
933,0186.02,4906.00
933,0186.03,8569.00
933,0190.01,5062.00
933,0190.02,7539.00
933,0191.01,8690.00
933,0191.02,7020.00
933,0221.01,1648.00
933,0221.02,7581.00
933,0250.00,6080.00
933,0260.01,7546.00
933,0260.02,3635.00
933,0284.01,6489.00
933,0284.02,6005.00
933,0286.01,5755.00
933,0286.02,6866.00
933,0400.00,9359.00
933,0401.00,8460.00
933,0404.00,7395.00
933,0500.00,6292.00
933,0505.00,6346.00
933,0016.01,4258.00
933,0016.02,11977.00
933,0049.01,4410.00
933,0049.02,5550.00
933,0050.01,8244.00
933,0050.02,6335.00
933,0052.01,5559.00
933,0052.02,5499.00
933,0059.01,8299.00
933,0059.02,8065.00
933,0100.01,3452.00
933,0100.02,6490.00
933,0101.01,7056.00
933,0101.02,6394.00
933,0111.01,5003.00
933,0111.02,7550.00
933,0111.03,3924.00
933,0130.01,4575.00
933,0130.02,6305.00
933,0142.01,6281.00
933,0142.02,4775.00
933,0143.01,5645.00
933,0143.02,4460.00
933,0143.03,4526.00
933,0149.01,8057.00
933,0149.02,4881.00
933,0160.03,5888.00
933,0160.04,3647.00
933,0161.01,4099.00
933,0161.02,5573.00
933,0161.03,5363.00
933,0161.04,8473.00
933,0162.01,5860.00
933,0162.02,6430.00
933,0162.03,6405.00
933,0183.01,5105.00
933,0183.02,12230.00
933,0184.01,3192.00
933,0184.02,6439.00
933,0185.03,14975.00
933,0186.04,8983.00
933,0189.01,9330.00
933,0189.02,7727.00
933,0189.03,3117.00
933,0226.01,6639.00
933,0226.02,3463.00
933,0228.01,7807.00
933,0228.02,3283.00
933,0230.01,5054.00
933,0230.02,3882.00
933,0235.01,8360.00
933,0235.02,4206.00
933,0238.01,2736.00
933,0238.02,6943.00
933,0281.01,6127.00
933,0281.02,5931.00
933,0285.01,3067.00
933,0285.02,5489.00
933,0286.03,4243.00
933,0287.01,6708.00
933,0287.02,3666.00
933,0290.01,9351.00
933,0290.02,5193.00
933,0291.01,6287.00
933,0291.02,7388.00
933,0402.01,7312.00
933,0402.02,4785.00
933,0403.01,5405.00
933,0403.02,8339.00
933,0502.01,2213.00
933,0502.02,4065.00
933,0503.01,2981.00
933,0503.02,11021.00
933,0010.01,4408.00
933,0010.02,4339.00
933,0017.01,5747.00
933,0017.02,5495.00
933,0031.01,5460.00
933,0031.02,4468.00
933,0034.01,4526.00
933,0034.02,6297.00
933,0045.01,4191.00
933,0045.02,5081.00
933,0055.01,5349.00
933,0055.02,4492.00
933,0142.03,6250.00
933,0143.04,5414.00
933,0149.03,4560.00
933,0151.01,6977.00
933,0151.02,9546.00
933,0162.04,6284.00
933,0163.04,5440.00
933,0181.04,5249.00
933,0181.03,5119.00
933,0183.03,5745.00
933,0184.03,8747.00
933,0184.04,7893.00
933,0185.04,8135.00
933,0187.01,7502.00
933,0187.02,19736.00
933,0260.03,9494.00
933,0501.01,4122.00
933,0501.02,5611.00
933,0501.03,3403.00
933,0502.03,5265.00
933,0502.04,8263.00
933,0502.05,2580.00
933,0503.03,5748.00
933,0504.01,7420.00
933,0504.02,5684.00
933,0251.00,168.00
933,0243.01,5883.00
933,0243.02,6411.00
933,0190.03,4632.00
933,0002.01,4874.00
933,0002.02,7206.00
933,0181.05,6388.00
933,0181.06,4850.00
933,0292.01,5762.00
933,0292.02,6771.00
933,0403.03,5305.00
933,0504.03,6041.00
933,0504.04,5947.00
933,0290.03,5930.00
933,0147.01,2252.00
933,0147.02,7445.00
933,0147.03,14303.00
933,0287.03,17165.00
933,0287.04,7368.00
933,0410.01,7975.00
933,0410.02,5461.00
933,0506.01,3723.00
933,0506.02,6511.00
933,0187.03,6006.00
933,0181.07,3509.00
933,0185.05,4737.00
933,0184.05,7165.00
933,0039.01,5205.00
933,0039.02,4970.00
933,0035.01,3959.00
933,0035.02,6458.00
933,0189.04,7862.00
933,0140.01,7513.00
933,0140.02,4610.00
933,0001.01,6420.00
933,0001.02,3844.00
935,0000.00,304287.00
935,0001.00,3042.00
935,0002.00,3740.00
935,0004.00,5678.00
935,0005.00,3898.00
935,0006.00,2255.00
935,0007.00,5351.00
935,0008.00,3369.00
935,0009.00,3744.00
935,0010.00,5411.00
935,0011.00,5310.00
935,0012.00,4632.00
935,0100.00,3938.00
935,0101.00,3213.00
935,0102.00,5351.00
935,0103.00,2488.00
935,0104.00,2875.00
935,0110.00,5808.00
935,0120.00,4558.00
935,0122.00,3237.00
935,0124.00,4373.00
935,0126.00,6913.00
935,0127.00,4454.00
935,0128.00,3391.00
935,0131.00,4803.00
935,0133.00,6436.00
935,0170.00,4731.00
935,0171.00,5970.00
935,0150.00,9022.00
935,0152.00,7052.00
935,0153.00,2047.00
935,0003.01,5477.00
935,0003.02,5246.00
935,0111.01,4804.00
935,0111.02,5539.00
935,0121.01,5436.00
935,0121.02,3454.00
935,0121.03,3236.00
935,0123.01,2284.00
935,0123.02,2978.00
935,0129.01,5613.00
935,0129.02,5928.00
935,0151.01,3680.00
935,0151.02,5121.00
935,0160.01,6839.00
935,0160.02,5995.00
935,0013.01,4264.00
935,0013.02,3570.00
935,0121.04,3790.00
935,0130.01,2817.00
935,0130.02,5954.00
935,0160.03,3247.00
935,0180.01,5434.00
935,0180.02,5233.00
935,0156.01,3585.00
935,0156.02,7970.00
935,0154.01,5357.00
935,0154.02,4284.00
935,0132.01,3818.00
935,0132.02,9241.00
935,0125.01,4492.00
935,0125.02,4182.00
935,0014.01,4350.00
935,0014.02,4167.00
935,0155.01,6606.00
935,0155.02,3206.00
559,0000.00,278685.00
559,0001.00,4348.00
559,0002.00,3223.00
559,0003.00,5974.00
559,0004.00,6130.00
559,0005.00,3844.00
559,0006.00,4581.00
559,0007.00,1281.00
559,0008.00,502.00
559,0009.00,6877.00
559,0010.00,6690.00
559,0011.00,4885.00
559,0012.00,325.00
559,0013.00,3517.00
559,0014.00,2905.00
559,0015.00,5370.00
559,0016.00,3943.00
559,0017.00,4578.00
559,0020.00,6010.00
559,0021.00,5101.00
559,0022.00,2829.00
559,0023.00,2584.00
559,0024.00,4350.00
559,0025.00,2440.00
559,0026.00,4219.00
559,0027.00,1289.00
559,0028.00,4464.00
559,0029.00,2875.00
559,0030.00,3808.00
559,0031.00,1783.00
559,0032.00,5001.00
559,0033.00,5389.00
559,0034.00,4796.00
559,0035.00,4419.00
559,0036.00,2681.00
559,0037.00,3687.00
559,0038.00,1730.00
559,0039.00,3597.00
559,0040.00,4794.00
559,0041.00,7313.00
559,0042.00,6006.00
559,0043.00,7342.00
559,0100.00,7527.00
559,0101.00,8095.00
559,0102.00,4944.00
559,0110.00,6618.00
559,0130.00,8579.00
559,0140.00,2791.00
559,0150.00,7911.00
559,0160.00,8263.00
559,0155.00,4000.00
559,0018.01,8232.00
559,0018.02,5329.00
559,0019.01,4792.00
559,0019.02,7806.00
559,0019.03,4055.00
559,0120.01,7225.00
559,0120.02,3705.00
559,0170.00,5730.00
559,0120.03,5603.00
602,0000.00,667209.00
602,0001.00,4157.00
602,0002.00,5460.00
602,0003.00,5258.00
602,0005.00,5391.00
602,0006.00,5449.00
602,0007.00,3896.00
602,0008.00,3020.00
602,0009.00,3152.00
602,0010.00,5545.00
602,0011.00,6425.00
602,0012.00,4614.00
602,0013.00,1393.00
602,0014.00,5917.00
602,0015.00,5771.00
602,0016.00,2491.00
602,0017.00,3455.00
602,0018.00,2834.00
602,0019.00,3248.00
602,0020.00,2443.00
602,0021.00,6364.00
602,0022.00,4067.00
602,0023.00,4565.00
602,0024.00,605.00
602,0025.00,3041.00
602,0026.00,1779.00
602,0027.00,1769.00
602,0028.00,4657.00
602,0029.00,5230.00
602,0030.00,3689.00
602,0031.00,2220.00
602,0032.00,5691.00
602,0033.00,879.00
602,0034.00,2221.00
602,0035.00,2112.00
602,0036.00,783.00
602,0037.00,3267.00
602,0038.00,5521.00
602,0039.00,3872.00
602,0040.00,2073.00
602,0041.00,3747.00
602,0042.00,2660.00
602,0043.00,4136.00
602,0044.00,2461.00
602,0045.00,5908.00
602,0046.00,2428.00
602,0047.00,4576.00
602,0048.00,4565.00
602,0049.00,2443.00
602,0103.00,3055.00
602,0104.00,3590.00
602,0105.00,2986.00
602,0111.00,4521.00
602,0113.00,2785.00
602,0114.00,3250.00
602,0115.00,3113.00
602,0116.00,5478.00
602,0117.00,2812.00
602,0121.00,2091.00
602,0123.00,5450.00
602,0131.00,3904.00
602,0132.00,2862.00
602,0133.00,3649.00
602,0134.00,5200.00
602,0150.00,6437.00
602,0502.00,2344.00
602,0503.00,3654.00
602,0521.00,7541.00
602,0530.00,1984.00
602,0531.00,5737.00
602,0532.00,957.00
602,0533.00,4413.00
602,0534.00,3609.00
602,0535.00,4042.00
602,0536.00,7073.00
602,0538.00,2163.00
602,0541.00,440.00
602,0542.00,2450.00
602,0550.00,2623.00
602,0551.00,5423.00
602,0553.00,4461.00
602,0570.00,3720.00
602,0580.00,992.00
602,0004.01,4509.00
602,0004.02,3343.00
602,0102.01,5348.00
602,0102.02,3761.00
602,0102.03,3131.00
602,0112.01,3381.00
602,0112.02,4793.00
602,0120.01,4203.00
602,0120.02,4869.00
602,0141.01,3539.00
602,0141.02,4040.00
602,0500.01,7057.00
602,0500.02,6204.00
602,0537.01,3112.00
602,0537.02,3406.00
602,0537.03,2675.00
602,0540.01,2276.00
602,0540.02,3610.00
602,0540.03,5116.00
602,0600.00,5380.00
602,0050.01,2940.00
602,0050.02,3383.00
602,0051.01,3626.00
602,0051.02,6981.00
602,0100.01,4279.00
602,0100.02,1258.00
602,0101.01,5975.00
602,0101.02,4991.00
602,0102.04,5034.00
602,0110.01,387.00
602,0110.02,5473.00
602,0110.03,8900.00
602,0120.03,3953.00
602,0130.01,4991.00
602,0130.02,6260.00
602,0142.01,4919.00
602,0142.02,5931.00
602,0500.03,10049.00
602,0501.01,3929.00
602,0501.02,6340.00
602,0522.01,4872.00
602,0522.02,5516.00
602,0560.01,4513.00
602,0560.02,7245.00
602,0560.03,7282.00
602,0140.01,6373.00
602,0140.02,6699.00
602,0140.03,4315.00
602,0142.03,4230.00
602,0142.04,2983.00
602,0500.04,6956.00
602,0520.01,1479.00
602,0520.02,2162.00
602,0520.03,6536.00
602,0539.01,3776.00
602,0539.02,4518.00
602,0540.04,2676.00
602,0552.01,4885.00
602,0552.02,3710.00
602,0560.04,6278.00
602,0585.00,1349.00
602,0595.00,8273.00
602,0510.01,6635.00
602,0510.02,6809.00
602,0100.03,7855.00
602,0100.04,8431.00
602,0122.01,4772.00
602,0122.02,3754.00
602,0501.03,5592.00
602,0560.05,3777.00
602,0051.03,6539.00
602,0590.01,7382.00
602,0590.02,4780.00
602,0160.00,5631.00
602,0161.00,3217.00
